Copyright 1986-2022 Xilinx, Inc. All Rights Reserved. Copyright 2022-2025 Advanced Micro Devices, Inc. All Rights Reserved.
---------------------------------------------------------------------------------------------------------------------------------------------------------------------------------------------------------------------------------------------------------------------------
| Tool Version : Vivado v.2025.2 (win64) Build 6299465 Fri Nov 14 19:35:11 GMT 2025
| Date         : Thu Jul 30 16:10:28 2026
| Host         : Vivobookbharath-G running 64-bit major release  (build 9200)
| Command      : report_timing_summary -max_paths 10 -routable_nets -report_unconstrained -file sentinel_rv_board_top_timing_summary_routed.rpt -pb sentinel_rv_board_top_timing_summary_routed.pb -rpx sentinel_rv_board_top_timing_summary_routed.rpx -warn_on_violation
| Design       : sentinel_rv_board_top
| Device       : 7a35t-ftg256
| Speed File   : -1  PRODUCTION 1.23 2018-06-13
| Design State : Routed
---------------------------------------------------------------------------------------------------------------------------------------------------------------------------------------------------------------------------------------------------------------------------

Timing Summary Report

------------------------------------------------------------------------------------------------
| Timer Settings
| --------------
------------------------------------------------------------------------------------------------

  Enable Multi Corner Analysis               :  Yes
  Enable Pessimism Removal                   :  Yes
  Pessimism Removal Resolution               :  Nearest Common Node
  Enable Input Delay Default Clock           :  No
  Enable Preset / Clear Arcs                 :  No
  Disable Flight Delays                      :  No
  Ignore I/O Paths                           :  No
  Timing Early Launch at Borrowing Latches   :  No
  Borrow Time for Max Delay Exceptions       :  Yes
  Merge Timing Exceptions                    :  Yes
  Inter-SLR Compensation                     :  Conservative

  Corner  Analyze    Analyze    
  Name    Max Paths  Min Paths  
  ------  ---------  ---------  
  Slow    Yes        Yes        
  Fast    Yes        Yes        


------------------------------------------------------------------------------------------------
| Report Methodology
| ------------------
------------------------------------------------------------------------------------------------

Rule       Severity  Description                                 Violations  
---------  --------  ------------------------------------------  ----------  
SYNTH-6    Warning   Timing of a RAM block might be sub-optimal  1           
TIMING-18  Warning   Missing input or output delay               20          

Note: This report is based on the most recent report_methodology run and may not be up-to-date. Run report_methodology on the current design for the latest report.



check_timing report

Table of Contents
-----------------
1. checking no_clock (0)
2. checking constant_clock (0)
3. checking pulse_width_clock (0)
4. checking unconstrained_internal_endpoints (0)
5. checking no_input_delay (12)
6. checking no_output_delay (32)
7. checking multiple_clock (0)
8. checking generated_clocks (0)
9. checking loops (0)
10. checking partial_input_delay (0)
11. checking partial_output_delay (0)
12. checking latch_loops (0)

1. checking no_clock (0)
------------------------
 There are 0 register/latch pins with no clock.


2. checking constant_clock (0)
------------------------------
 There are 0 register/latch pins with constant_clock.


3. checking pulse_width_clock (0)
---------------------------------
 There are 0 register/latch pins which need pulse_width check


4. checking unconstrained_internal_endpoints (0)
------------------------------------------------
 There are 0 pins that are not constrained for maximum delay.

 There are 0 pins that are not constrained for maximum delay due to constant clock.


5. checking no_input_delay (12)
-------------------------------
 There are 8 input ports with no input delay specified. (HIGH)

 There are 4 input ports with no input delay but user has a false path constraint. (MEDIUM)


6. checking no_output_delay (32)
--------------------------------
 There are 12 ports with no output delay specified. (HIGH)

 There are 20 ports with no output delay but user has a false path constraint (MEDIUM)

 There are 0 ports with no output delay but with a timing clock defined on it or propagating through it


7. checking multiple_clock (0)
------------------------------
 There are 0 register/latch pins with multiple clocks.


8. checking generated_clocks (0)
--------------------------------
 There are 0 generated clocks that are not connected to a clock source.


9. checking loops (0)
---------------------
 There are 0 combinational loops in the design.


10. checking partial_input_delay (0)
------------------------------------
 There are 0 input ports with partial input delay specified.


11. checking partial_output_delay (0)
-------------------------------------
 There are 0 ports with partial output delay specified.


12. checking latch_loops (0)
----------------------------
 There are 0 combinational latch loops in the design through latch input



------------------------------------------------------------------------------------------------
| Design Timing Summary
| ---------------------
------------------------------------------------------------------------------------------------

    WNS(ns)      TNS(ns)  TNS Failing Endpoints  TNS Total Endpoints      WHS(ns)      THS(ns)  THS Failing Endpoints  THS Total Endpoints     WPWS(ns)     TPWS(ns)  TPWS Failing Endpoints  TPWS Total Endpoints  
    -------      -------  ---------------------  -------------------      -------      -------  ---------------------  -------------------     --------     --------  ----------------------  --------------------  
     13.274        0.000                      0                 8511        0.028        0.000                      0                 8511       19.583        0.000                       0                  4074  


All user specified timing constraints are met.


------------------------------------------------------------------------------------------------
| Clock Summary
| -------------
------------------------------------------------------------------------------------------------

Clock    Waveform(ns)       Period(ns)      Frequency(MHz)
-----    ------------       ----------      --------------
sys_clk  {0.000 20.834}     41.667          24.000          


------------------------------------------------------------------------------------------------
| Intra Clock Table
| -----------------
------------------------------------------------------------------------------------------------

Clock             WNS(ns)      TNS(ns)  TNS Failing Endpoints  TNS Total Endpoints      WHS(ns)      THS(ns)  THS Failing Endpoints  THS Total Endpoints     WPWS(ns)     TPWS(ns)  TPWS Failing Endpoints  TPWS Total Endpoints  
-----             -------      -------  ---------------------  -------------------      -------      -------  ---------------------  -------------------     --------     --------  ----------------------  --------------------  
sys_clk            13.274        0.000                      0                 8511        0.028        0.000                      0                 8511       19.583        0.000                       0                  4074  


------------------------------------------------------------------------------------------------
| Inter Clock Table
| -----------------
------------------------------------------------------------------------------------------------

From Clock    To Clock          WNS(ns)      TNS(ns)  TNS Failing Endpoints  TNS Total Endpoints      WHS(ns)      THS(ns)  THS Failing Endpoints  THS Total Endpoints  
----------    --------          -------      -------  ---------------------  -------------------      -------      -------  ---------------------  -------------------  


------------------------------------------------------------------------------------------------
| Other Path Groups Table
| -----------------------
------------------------------------------------------------------------------------------------

Path Group    From Clock    To Clock          WNS(ns)      TNS(ns)  TNS Failing Endpoints  TNS Total Endpoints      WHS(ns)      THS(ns)  THS Failing Endpoints  THS Total Endpoints  
----------    ----------    --------          -------      -------  ---------------------  -------------------      -------      -------  ---------------------  -------------------  


------------------------------------------------------------------------------------------------
| User Ignored Path Table
| -----------------------
------------------------------------------------------------------------------------------------

Path Group    From Clock    To Clock    
----------    ----------    --------    
(none)                                    
(none)        sys_clk                     
(none)                      sys_clk       


------------------------------------------------------------------------------------------------
| Unconstrained Path Table
| ------------------------
------------------------------------------------------------------------------------------------

Path Group    From Clock    To Clock    
----------    ----------    --------    
(none)        sys_clk                     
(none)                      sys_clk       


------------------------------------------------------------------------------------------------
| Timing Details
| --------------
------------------------------------------------------------------------------------------------


---------------------------------------------------------------------------------------------------
From Clock:  sys_clk
  To Clock:  sys_clk

Setup :            0  Failing Endpoints,  Worst Slack       13.274ns,  Total Violation        0.000ns
Hold  :            0  Failing Endpoints,  Worst Slack        0.028ns,  Total Violation        0.000ns
PW    :            0  Failing Endpoints,  Worst Slack       19.583ns,  Total Violation        0.000ns
---------------------------------------------------------------------------------------------------


Max Delay Paths
--------------------------------------------------------------------------------------
Slack (MET) :             13.274ns  (required time - arrival time)
  Source:                 system_wrapper/audit_events/audit_prf/state_reg_reg[15]/C
                            (rising edge-triggered cell FDRE clocked by sys_clk  {rise@0.000ns fall@20.833ns period=41.667ns})
  Destination:            system_wrapper/audit_events/audit_prf/state_reg_reg[92]/D
                            (rising edge-triggered cell FDRE clocked by sys_clk  {rise@0.000ns fall@20.833ns period=41.667ns})
  Path Group:             sys_clk
  Path Type:              Setup (Max at Slow Process Corner)
  Requirement:            41.667ns  (sys_clk rise@41.667ns - sys_clk rise@0.000ns)
  Data Path Delay:        28.286ns  (logic 5.728ns (20.250%)  route 22.558ns (79.750%))
  Logic Levels:           20  (LUT2=2 LUT3=2 LUT4=2 LUT5=7 LUT6=7)
  Clock Path Skew:        -0.102ns (DCD - SCD + CPR)
    Destination Clock Delay (DCD):    4.823ns = ( 46.490 - 41.667 ) 
    Source Clock Delay      (SCD):    5.111ns
    Clock Pessimism Removal (CPR):    0.186ns
  Clock Uncertainty:      0.035ns  ((TSJ^2 + TIJ^2)^1/2 + DJ) / 2 + PE
    Total System Jitter     (TSJ):    0.071ns
    Total Input Jitter      (TIJ):    0.000ns
    Discrete Jitter          (DJ):    0.000ns
    Phase Error              (PE):    0.000ns

    Location             Delay type                Incr(ns)  Path(ns)    Netlist Resource(s)
  -------------------------------------------------------------------    -------------------
                         (clock sys_clk rise edge)    0.000     0.000 r  
    D13                                               0.000     0.000 r  clk_24mhz (IN)
                         net (fo=0)                   0.000     0.000    clk_24mhz
    D13                  IBUF (Prop_ibuf_I_O)         1.494     1.494 r  clk_24mhz_IBUF_inst/O
                         net (fo=1, routed)           1.972     3.466    clk_24mhz_IBUF
    BUFGCTRL_X0Y16       BUFG (Prop_bufg_I_O)         0.096     3.562 r  clk_24mhz_IBUF_BUFG_inst/O
                         net (fo=4073, routed)        1.549     5.111    system_wrapper/audit_events/audit_prf/clk_24mhz_IBUF_BUFG
    SLICE_X35Y27         FDRE                                         r  system_wrapper/audit_events/audit_prf/state_reg_reg[15]/C
  -------------------------------------------------------------------    -------------------
    SLICE_X35Y27         FDRE (Prop_fdre_C_Q)         0.456     5.567 f  system_wrapper/audit_events/audit_prf/state_reg_reg[15]/Q
                         net (fo=78, routed)          2.734     8.301    system_wrapper/audit_events/audit_prf/state_reg_reg_n_0_[15]
    SLICE_X38Y1          LUT4 (Prop_lut4_I3_O)        0.146     8.447 r  system_wrapper/audit_events/audit_prf/ciphertext[79]_i_112/O
                         net (fo=2, routed)           0.961     9.409    system_wrapper/audit_events/audit_prf/ciphertext[79]_i_112_n_0
    SLICE_X39Y4          LUT6 (Prop_lut6_I1_O)        0.328     9.737 r  system_wrapper/audit_events/audit_prf/ciphertext[79]_i_68/O
                         net (fo=34, routed)          0.957    10.694    system_wrapper/audit_events/audit_prf/ciphertext[79]_i_68_n_0
    SLICE_X43Y1          LUT5 (Prop_lut5_I4_O)        0.150    10.844 r  system_wrapper/audit_events/audit_prf/ciphertext[79]_i_43/O
                         net (fo=32, routed)          0.972    11.816    system_wrapper/audit_events/audit_prf/ciphertext[79]_i_43_n_0
    SLICE_X41Y3          LUT5 (Prop_lut5_I0_O)        0.354    12.170 r  system_wrapper/audit_events/audit_prf/ciphertext[78]_i_227/O
                         net (fo=1, routed)           0.813    12.983    system_wrapper/audit_events/audit_prf/ciphertext[78]_i_227_n_0
    SLICE_X41Y4          LUT6 (Prop_lut6_I1_O)        0.326    13.309 r  system_wrapper/audit_events/audit_prf/ciphertext[78]_i_177/O
                         net (fo=25, routed)          1.732    15.040    system_wrapper/audit_events/audit_prf/ciphertext[78]_i_177_n_0
    SLICE_X52Y1          LUT2 (Prop_lut2_I1_O)        0.152    15.192 r  system_wrapper/audit_events/audit_prf/ciphertext[78]_i_194/O
                         net (fo=8, routed)           0.854    16.047    system_wrapper/audit_events/audit_prf/ciphertext[78]_i_194_n_0
    SLICE_X52Y3          LUT6 (Prop_lut6_I0_O)        0.348    16.395 r  system_wrapper/audit_events/audit_prf/ciphertext[78]_i_179/O
                         net (fo=6, routed)           0.815    17.209    system_wrapper/audit_events/audit_prf/ciphertext[78]_i_179_n_0
    SLICE_X52Y4          LUT5 (Prop_lut5_I1_O)        0.152    17.361 r  system_wrapper/audit_events/audit_prf/ciphertext[78]_i_142/O
                         net (fo=8, routed)           1.088    18.449    system_wrapper/audit_events/audit_prf/ciphertext[78]_i_142_n_0
    SLICE_X54Y7          LUT3 (Prop_lut3_I2_O)        0.374    18.823 r  system_wrapper/audit_events/audit_prf/ciphertext[78]_i_97/O
                         net (fo=4, routed)           0.837    19.660    system_wrapper/audit_events/audit_prf/ciphertext[78]_i_97_n_0
    SLICE_X56Y6          LUT6 (Prop_lut6_I3_O)        0.328    19.988 r  system_wrapper/audit_events/audit_prf/ciphertext[78]_i_78/O
                         net (fo=24, routed)          1.199    21.187    system_wrapper/audit_events/audit_prf/ciphertext[78]_i_78_n_0
    SLICE_X50Y8          LUT5 (Prop_lut5_I4_O)        0.146    21.333 r  system_wrapper/audit_events/audit_prf/ciphertext[77]_i_29/O
                         net (fo=3, routed)           0.689    22.022    system_wrapper/audit_events/audit_prf/ciphertext[77]_i_29_n_0
    SLICE_X51Y8          LUT6 (Prop_lut6_I0_O)        0.328    22.350 r  system_wrapper/audit_events/audit_prf/ciphertext[77]_i_20/O
                         net (fo=15, routed)          1.261    23.610    system_wrapper/audit_events/audit_prf/ciphertext[77]_i_20_n_0
    SLICE_X46Y10         LUT2 (Prop_lut2_I0_O)        0.146    23.756 r  system_wrapper/audit_events/audit_prf/ciphertext[79]_i_55/O
                         net (fo=5, routed)           1.138    24.895    system_wrapper/audit_events/audit_prf/ciphertext[79]_i_55_n_0
    SLICE_X45Y10         LUT5 (Prop_lut5_I1_O)        0.354    25.249 r  system_wrapper/audit_events/audit_prf/ciphertext[75]_i_12/O
                         net (fo=4, routed)           0.785    26.034    system_wrapper/audit_events/audit_prf/ciphertext[75]_i_12_n_0
    SLICE_X45Y9          LUT5 (Prop_lut5_I0_O)        0.352    26.386 r  system_wrapper/audit_events/audit_prf/ciphertext[79]_i_36/O
                         net (fo=6, routed)           1.010    27.395    system_wrapper/audit_events/audit_prf/ciphertext[79]_i_36_n_0
    SLICE_X42Y9          LUT5 (Prop_lut5_I1_O)        0.326    27.721 r  system_wrapper/audit_events/audit_prf/ciphertext[78]_i_7/O
                         net (fo=1, routed)           0.951    28.672    system_wrapper/audit_events/audit_prf/ciphertext[78]_i_7_n_0
    SLICE_X42Y9          LUT6 (Prop_lut6_I0_O)        0.124    28.796 r  system_wrapper/audit_events/audit_prf/ciphertext[78]_i_4/O
                         net (fo=9, routed)           1.740    30.537    system_wrapper/audit_events/audit_prf/ciphertext[78]_i_4_n_0
    SLICE_X42Y27         LUT4 (Prop_lut4_I0_O)        0.150    30.687 r  system_wrapper/audit_events/audit_prf/state_reg[92]_i_6/O
                         net (fo=2, routed)           1.086    31.772    system_wrapper/audit_events/audit_prf/state_reg[92]_i_6_n_0
    SLICE_X41Y30         LUT3 (Prop_lut3_I2_O)        0.356    32.128 r  system_wrapper/audit_events/audit_prf/state_reg[92]_i_2/O
                         net (fo=1, routed)           0.937    33.065    system_wrapper/audit_events/audit_prf/state_reg[92]_i_2_n_0
    SLICE_X47Y30         LUT6 (Prop_lut6_I0_O)        0.332    33.397 r  system_wrapper/audit_events/audit_prf/state_reg[92]_i_1/O
                         net (fo=1, routed)           0.000    33.397    system_wrapper/audit_events/audit_prf/state_reg[92]_i_1_n_0
    SLICE_X47Y30         FDRE                                         r  system_wrapper/audit_events/audit_prf/state_reg_reg[92]/D
  -------------------------------------------------------------------    -------------------

                         (clock sys_clk rise edge)   41.667    41.667 r  
    D13                                               0.000    41.667 r  clk_24mhz (IN)
                         net (fo=0)                   0.000    41.667    clk_24mhz
    D13                  IBUF (Prop_ibuf_I_O)         1.424    43.091 r  clk_24mhz_IBUF_inst/O
                         net (fo=1, routed)           1.868    44.959    clk_24mhz_IBUF
    BUFGCTRL_X0Y16       BUFG (Prop_bufg_I_O)         0.091    45.050 r  clk_24mhz_IBUF_BUFG_inst/O
                         net (fo=4073, routed)        1.440    46.490    system_wrapper/audit_events/audit_prf/clk_24mhz_IBUF_BUFG
    SLICE_X47Y30         FDRE                                         r  system_wrapper/audit_events/audit_prf/state_reg_reg[92]/C
                         clock pessimism              0.186    46.676    
                         clock uncertainty           -0.035    46.641    
    SLICE_X47Y30         FDRE (Setup_fdre_C_D)        0.031    46.672    system_wrapper/audit_events/audit_prf/state_reg_reg[92]
  -------------------------------------------------------------------
                         required time                         46.672    
                         arrival time                         -33.397    
  -------------------------------------------------------------------
                         slack                                 13.274    

Slack (MET) :             13.524ns  (required time - arrival time)
  Source:                 system_wrapper/audit_events/audit_prf/state_reg_reg[15]/C
                            (rising edge-triggered cell FDRE clocked by sys_clk  {rise@0.000ns fall@20.833ns period=41.667ns})
  Destination:            system_wrapper/audit_events/audit_prf/state_reg_reg[84]/D
                            (rising edge-triggered cell FDRE clocked by sys_clk  {rise@0.000ns fall@20.833ns period=41.667ns})
  Path Group:             sys_clk
  Path Type:              Setup (Max at Slow Process Corner)
  Requirement:            41.667ns  (sys_clk rise@41.667ns - sys_clk rise@0.000ns)
  Data Path Delay:        28.035ns  (logic 5.492ns (19.590%)  route 22.543ns (80.410%))
  Logic Levels:           20  (LUT2=2 LUT3=2 LUT4=2 LUT5=7 LUT6=7)
  Clock Path Skew:        -0.102ns (DCD - SCD + CPR)
    Destination Clock Delay (DCD):    4.823ns = ( 46.490 - 41.667 ) 
    Source Clock Delay      (SCD):    5.111ns
    Clock Pessimism Removal (CPR):    0.186ns
  Clock Uncertainty:      0.035ns  ((TSJ^2 + TIJ^2)^1/2 + DJ) / 2 + PE
    Total System Jitter     (TSJ):    0.071ns
    Total Input Jitter      (TIJ):    0.000ns
    Discrete Jitter          (DJ):    0.000ns
    Phase Error              (PE):    0.000ns

    Location             Delay type                Incr(ns)  Path(ns)    Netlist Resource(s)
  -------------------------------------------------------------------    -------------------
                         (clock sys_clk rise edge)    0.000     0.000 r  
    D13                                               0.000     0.000 r  clk_24mhz (IN)
                         net (fo=0)                   0.000     0.000    clk_24mhz
    D13                  IBUF (Prop_ibuf_I_O)         1.494     1.494 r  clk_24mhz_IBUF_inst/O
                         net (fo=1, routed)           1.972     3.466    clk_24mhz_IBUF
    BUFGCTRL_X0Y16       BUFG (Prop_bufg_I_O)         0.096     3.562 r  clk_24mhz_IBUF_BUFG_inst/O
                         net (fo=4073, routed)        1.549     5.111    system_wrapper/audit_events/audit_prf/clk_24mhz_IBUF_BUFG
    SLICE_X35Y27         FDRE                                         r  system_wrapper/audit_events/audit_prf/state_reg_reg[15]/C
  -------------------------------------------------------------------    -------------------
    SLICE_X35Y27         FDRE (Prop_fdre_C_Q)         0.456     5.567 f  system_wrapper/audit_events/audit_prf/state_reg_reg[15]/Q
                         net (fo=78, routed)          2.734     8.301    system_wrapper/audit_events/audit_prf/state_reg_reg_n_0_[15]
    SLICE_X38Y1          LUT4 (Prop_lut4_I3_O)        0.146     8.447 r  system_wrapper/audit_events/audit_prf/ciphertext[79]_i_112/O
                         net (fo=2, routed)           0.961     9.409    system_wrapper/audit_events/audit_prf/ciphertext[79]_i_112_n_0
    SLICE_X39Y4          LUT6 (Prop_lut6_I1_O)        0.328     9.737 r  system_wrapper/audit_events/audit_prf/ciphertext[79]_i_68/O
                         net (fo=34, routed)          0.957    10.694    system_wrapper/audit_events/audit_prf/ciphertext[79]_i_68_n_0
    SLICE_X43Y1          LUT5 (Prop_lut5_I4_O)        0.150    10.844 r  system_wrapper/audit_events/audit_prf/ciphertext[79]_i_43/O
                         net (fo=32, routed)          0.972    11.816    system_wrapper/audit_events/audit_prf/ciphertext[79]_i_43_n_0
    SLICE_X41Y3          LUT5 (Prop_lut5_I0_O)        0.354    12.170 r  system_wrapper/audit_events/audit_prf/ciphertext[78]_i_227/O
                         net (fo=1, routed)           0.813    12.983    system_wrapper/audit_events/audit_prf/ciphertext[78]_i_227_n_0
    SLICE_X41Y4          LUT6 (Prop_lut6_I1_O)        0.326    13.309 r  system_wrapper/audit_events/audit_prf/ciphertext[78]_i_177/O
                         net (fo=25, routed)          1.732    15.040    system_wrapper/audit_events/audit_prf/ciphertext[78]_i_177_n_0
    SLICE_X52Y1          LUT2 (Prop_lut2_I1_O)        0.152    15.192 r  system_wrapper/audit_events/audit_prf/ciphertext[78]_i_194/O
                         net (fo=8, routed)           0.854    16.047    system_wrapper/audit_events/audit_prf/ciphertext[78]_i_194_n_0
    SLICE_X52Y3          LUT6 (Prop_lut6_I0_O)        0.348    16.395 r  system_wrapper/audit_events/audit_prf/ciphertext[78]_i_179/O
                         net (fo=6, routed)           0.815    17.209    system_wrapper/audit_events/audit_prf/ciphertext[78]_i_179_n_0
    SLICE_X52Y4          LUT5 (Prop_lut5_I1_O)        0.152    17.361 r  system_wrapper/audit_events/audit_prf/ciphertext[78]_i_142/O
                         net (fo=8, routed)           1.088    18.449    system_wrapper/audit_events/audit_prf/ciphertext[78]_i_142_n_0
    SLICE_X54Y7          LUT3 (Prop_lut3_I2_O)        0.374    18.823 r  system_wrapper/audit_events/audit_prf/ciphertext[78]_i_97/O
                         net (fo=4, routed)           0.837    19.660    system_wrapper/audit_events/audit_prf/ciphertext[78]_i_97_n_0
    SLICE_X56Y6          LUT6 (Prop_lut6_I3_O)        0.328    19.988 r  system_wrapper/audit_events/audit_prf/ciphertext[78]_i_78/O
                         net (fo=24, routed)          1.199    21.187    system_wrapper/audit_events/audit_prf/ciphertext[78]_i_78_n_0
    SLICE_X50Y8          LUT5 (Prop_lut5_I4_O)        0.146    21.333 r  system_wrapper/audit_events/audit_prf/ciphertext[77]_i_29/O
                         net (fo=3, routed)           0.689    22.022    system_wrapper/audit_events/audit_prf/ciphertext[77]_i_29_n_0
    SLICE_X51Y8          LUT6 (Prop_lut6_I0_O)        0.328    22.350 r  system_wrapper/audit_events/audit_prf/ciphertext[77]_i_20/O
                         net (fo=15, routed)          1.261    23.610    system_wrapper/audit_events/audit_prf/ciphertext[77]_i_20_n_0
    SLICE_X46Y10         LUT2 (Prop_lut2_I0_O)        0.146    23.756 r  system_wrapper/audit_events/audit_prf/ciphertext[79]_i_55/O
                         net (fo=5, routed)           1.138    24.895    system_wrapper/audit_events/audit_prf/ciphertext[79]_i_55_n_0
    SLICE_X45Y10         LUT5 (Prop_lut5_I1_O)        0.354    25.249 r  system_wrapper/audit_events/audit_prf/ciphertext[75]_i_12/O
                         net (fo=4, routed)           0.785    26.034    system_wrapper/audit_events/audit_prf/ciphertext[75]_i_12_n_0
    SLICE_X45Y9          LUT5 (Prop_lut5_I0_O)        0.352    26.386 r  system_wrapper/audit_events/audit_prf/ciphertext[79]_i_36/O
                         net (fo=6, routed)           1.010    27.395    system_wrapper/audit_events/audit_prf/ciphertext[79]_i_36_n_0
    SLICE_X42Y9          LUT5 (Prop_lut5_I1_O)        0.326    27.721 r  system_wrapper/audit_events/audit_prf/ciphertext[78]_i_7/O
                         net (fo=1, routed)           0.951    28.672    system_wrapper/audit_events/audit_prf/ciphertext[78]_i_7_n_0
    SLICE_X42Y9          LUT6 (Prop_lut6_I0_O)        0.124    28.796 r  system_wrapper/audit_events/audit_prf/ciphertext[78]_i_4/O
                         net (fo=9, routed)           1.740    30.537    system_wrapper/audit_events/audit_prf/ciphertext[78]_i_4_n_0
    SLICE_X42Y27         LUT4 (Prop_lut4_I0_O)        0.124    30.661 r  system_wrapper/audit_events/audit_prf/ciphertext[76]_i_2/O
                         net (fo=3, routed)           1.268    31.929    system_wrapper/audit_events/audit_prf/ciphertext[76]_i_2_n_0
    SLICE_X35Y31         LUT3 (Prop_lut3_I2_O)        0.152    32.081 r  system_wrapper/audit_events/audit_prf/state_reg[84]_i_3/O
                         net (fo=1, routed)           0.739    32.820    system_wrapper/audit_events/audit_prf/state_reg[84]_i_3_n_0
    SLICE_X43Y31         LUT6 (Prop_lut6_I1_O)        0.326    33.146 r  system_wrapper/audit_events/audit_prf/state_reg[84]_i_1/O
                         net (fo=1, routed)           0.000    33.146    system_wrapper/audit_events/audit_prf/state_reg[84]_i_1_n_0
    SLICE_X43Y31         FDRE                                         r  system_wrapper/audit_events/audit_prf/state_reg_reg[84]/D
  -------------------------------------------------------------------    -------------------

                         (clock sys_clk rise edge)   41.667    41.667 r  
    D13                                               0.000    41.667 r  clk_24mhz (IN)
                         net (fo=0)                   0.000    41.667    clk_24mhz
    D13                  IBUF (Prop_ibuf_I_O)         1.424    43.091 r  clk_24mhz_IBUF_inst/O
                         net (fo=1, routed)           1.868    44.959    clk_24mhz_IBUF
    BUFGCTRL_X0Y16       BUFG (Prop_bufg_I_O)         0.091    45.050 r  clk_24mhz_IBUF_BUFG_inst/O
                         net (fo=4073, routed)        1.440    46.490    system_wrapper/audit_events/audit_prf/clk_24mhz_IBUF_BUFG
    SLICE_X43Y31         FDRE                                         r  system_wrapper/audit_events/audit_prf/state_reg_reg[84]/C
                         clock pessimism              0.186    46.676    
                         clock uncertainty           -0.035    46.641    
    SLICE_X43Y31         FDRE (Setup_fdre_C_D)        0.029    46.670    system_wrapper/audit_events/audit_prf/state_reg_reg[84]
  -------------------------------------------------------------------
                         required time                         46.670    
                         arrival time                         -33.146    
  -------------------------------------------------------------------
                         slack                                 13.524    

Slack (MET) :             13.700ns  (required time - arrival time)
  Source:                 system_wrapper/audit_events/audit_prf/round_key_reg[7]/C
                            (rising edge-triggered cell FDRE clocked by sys_clk  {rise@0.000ns fall@20.833ns period=41.667ns})
  Destination:            system_wrapper/audit_events/audit_prf/ciphertext_reg[78]/D
                            (rising edge-triggered cell FDRE clocked by sys_clk  {rise@0.000ns fall@20.833ns period=41.667ns})
  Path Group:             sys_clk
  Path Type:              Setup (Max at Slow Process Corner)
  Requirement:            41.667ns  (sys_clk rise@41.667ns - sys_clk rise@0.000ns)
  Data Path Delay:        27.719ns  (logic 4.212ns (15.195%)  route 23.507ns (84.805%))
  Logic Levels:           20  (LUT2=3 LUT3=1 LUT4=2 LUT5=1 LUT6=13)
  Clock Path Skew:        -0.107ns (DCD - SCD + CPR)
    Destination Clock Delay (DCD):    4.819ns = ( 46.486 - 41.667 ) 
    Source Clock Delay      (SCD):    5.112ns
    Clock Pessimism Removal (CPR):    0.186ns
  Clock Uncertainty:      0.035ns  ((TSJ^2 + TIJ^2)^1/2 + DJ) / 2 + PE
    Total System Jitter     (TSJ):    0.071ns
    Total Input Jitter      (TIJ):    0.000ns
    Discrete Jitter          (DJ):    0.000ns
    Phase Error              (PE):    0.000ns

    Location             Delay type                Incr(ns)  Path(ns)    Netlist Resource(s)
  -------------------------------------------------------------------    -------------------
                         (clock sys_clk rise edge)    0.000     0.000 r  
    D13                                               0.000     0.000 r  clk_24mhz (IN)
                         net (fo=0)                   0.000     0.000    clk_24mhz
    D13                  IBUF (Prop_ibuf_I_O)         1.494     1.494 r  clk_24mhz_IBUF_inst/O
                         net (fo=1, routed)           1.972     3.466    clk_24mhz_IBUF
    BUFGCTRL_X0Y16       BUFG (Prop_bufg_I_O)         0.096     3.562 r  clk_24mhz_IBUF_BUFG_inst/O
                         net (fo=4073, routed)        1.550     5.112    system_wrapper/audit_events/audit_prf/clk_24mhz_IBUF_BUFG
    SLICE_X29Y26         FDRE                                         r  system_wrapper/audit_events/audit_prf/round_key_reg[7]/C
  -------------------------------------------------------------------    -------------------
    SLICE_X29Y26         FDRE (Prop_fdre_C_Q)         0.419     5.531 f  system_wrapper/audit_events/audit_prf/round_key_reg[7]/Q
                         net (fo=75, routed)          2.489     8.020    system_wrapper/audit_events/audit_prf/round_key_reg_n_0_[7]
    SLICE_X9Y6           LUT6 (Prop_lut6_I0_O)        0.297     8.317 r  system_wrapper/audit_events/audit_prf/round_key[111]_i_185/O
                         net (fo=3, routed)           1.027     9.345    system_wrapper/audit_events/audit_prf/round_key[111]_i_185_n_0
    SLICE_X10Y6          LUT6 (Prop_lut6_I0_O)        0.124     9.469 r  system_wrapper/audit_events/audit_prf/round_key[111]_i_104/O
                         net (fo=10, routed)          0.971    10.440    system_wrapper/audit_events/audit_prf/round_key[111]_i_104_n_0
    SLICE_X5Y6           LUT4 (Prop_lut4_I2_O)        0.150    10.590 r  system_wrapper/audit_events/audit_prf/round_key[111]_i_255/O
                         net (fo=11, routed)          1.130    11.719    system_wrapper/audit_events/audit_prf/round_key[111]_i_255_n_0
    SLICE_X7Y2           LUT6 (Prop_lut6_I2_O)        0.326    12.045 r  system_wrapper/audit_events/audit_prf/round_key[111]_i_566/O
                         net (fo=1, routed)           0.891    12.936    system_wrapper/audit_events/audit_prf/round_key[111]_i_566_n_0
    SLICE_X8Y1           LUT6 (Prop_lut6_I0_O)        0.124    13.060 r  system_wrapper/audit_events/audit_prf/round_key[111]_i_518/O
                         net (fo=26, routed)          1.469    14.529    system_wrapper/audit_events/audit_prf/round_key[111]_i_518_n_0
    SLICE_X1Y4           LUT6 (Prop_lut6_I1_O)        0.124    14.653 r  system_wrapper/audit_events/audit_prf/round_key[111]_i_485/O
                         net (fo=1, routed)           0.802    15.456    system_wrapper/audit_events/audit_prf/round_key[111]_i_485_n_0
    SLICE_X2Y4           LUT6 (Prop_lut6_I1_O)        0.124    15.580 r  system_wrapper/audit_events/audit_prf/round_key[111]_i_419/O
                         net (fo=13, routed)          1.216    16.796    system_wrapper/audit_events/audit_prf/round_key[111]_i_419_n_0
    SLICE_X2Y10          LUT2 (Prop_lut2_I0_O)        0.146    16.942 r  system_wrapper/audit_events/audit_prf/round_key[111]_i_412/O
                         net (fo=6, routed)           0.996    17.938    system_wrapper/audit_events/audit_prf/round_key[111]_i_412_n_0
    SLICE_X1Y11          LUT6 (Prop_lut6_I1_O)        0.328    18.266 r  system_wrapper/audit_events/audit_prf/round_key[111]_i_363/O
                         net (fo=2, routed)           0.817    19.083    system_wrapper/audit_events/audit_prf/round_key[111]_i_363_n_0
    SLICE_X1Y11          LUT6 (Prop_lut6_I2_O)        0.124    19.207 r  system_wrapper/audit_events/audit_prf/round_key[111]_i_304/O
                         net (fo=5, routed)           1.366    20.573    system_wrapper/audit_events/audit_prf/round_key[111]_i_304_n_0
    SLICE_X4Y13          LUT6 (Prop_lut6_I0_O)        0.124    20.697 r  system_wrapper/audit_events/audit_prf/round_key[111]_i_243/O
                         net (fo=1, routed)           0.799    21.496    system_wrapper/audit_events/audit_prf/round_key[111]_i_243_n_0
    SLICE_X4Y14          LUT6 (Prop_lut6_I0_O)        0.124    21.620 r  system_wrapper/audit_events/audit_prf/round_key[111]_i_161/O
                         net (fo=9, routed)           0.987    22.607    system_wrapper/audit_events/audit_prf/round_key[111]_i_161_n_0
    SLICE_X9Y12          LUT3 (Prop_lut3_I1_O)        0.150    22.757 r  system_wrapper/audit_events/audit_prf/round_key[111]_i_72/O
                         net (fo=14, routed)          0.959    23.716    system_wrapper/audit_events/audit_prf/round_key[111]_i_72_n_0
    SLICE_X11Y9          LUT4 (Prop_lut4_I1_O)        0.352    24.068 r  system_wrapper/audit_events/audit_prf/round_key[111]_i_81/O
                         net (fo=1, routed)           0.693    24.761    system_wrapper/audit_events/audit_prf/round_key[111]_i_81_n_0
    SLICE_X11Y9          LUT6 (Prop_lut6_I0_O)        0.326    25.087 r  system_wrapper/audit_events/audit_prf/round_key[111]_i_37/O
                         net (fo=18, routed)          1.431    26.518    system_wrapper/audit_events/audit_prf/round_key[111]_i_37_n_0
    SLICE_X12Y13         LUT5 (Prop_lut5_I2_O)        0.150    26.668 r  system_wrapper/audit_events/audit_prf/round_key[111]_i_9/O
                         net (fo=2, routed)           0.958    27.625    system_wrapper/audit_events/audit_prf/round_key[111]_i_9_n_0
    SLICE_X14Y13         LUT6 (Prop_lut6_I1_O)        0.328    27.953 r  system_wrapper/audit_events/audit_prf/round_key[111]_i_3/O
                         net (fo=3, routed)           1.252    29.205    system_wrapper/audit_events/audit_prf/round_key[111]_i_3_n_0
    SLICE_X14Y26         LUT6 (Prop_lut6_I2_O)        0.124    29.329 r  system_wrapper/audit_events/audit_prf/round_key[110]_i_2/O
                         net (fo=6, routed)           1.190    30.519    system_wrapper/audit_events/audit_prf/round_key[110]_i_2_n_0
    SLICE_X31Y31         LUT2 (Prop_lut2_I1_O)        0.124    30.643 r  system_wrapper/audit_events/audit_prf/round_key[78]_i_2/O
                         net (fo=3, routed)           0.911    31.554    system_wrapper/audit_events/audit_prf/round_key[78]_i_2_n_0
    SLICE_X43Y30         LUT2 (Prop_lut2_I1_O)        0.124    31.678 r  system_wrapper/audit_events/audit_prf/ciphertext[78]_i_1/O
                         net (fo=1, routed)           1.153    32.832    system_wrapper/audit_events/audit_prf/ciphertext[78]_i_1_n_0
    SLICE_X44Y26         FDRE                                         r  system_wrapper/audit_events/audit_prf/ciphertext_reg[78]/D
  -------------------------------------------------------------------    -------------------

                         (clock sys_clk rise edge)   41.667    41.667 r  
    D13                                               0.000    41.667 r  clk_24mhz (IN)
                         net (fo=0)                   0.000    41.667    clk_24mhz
    D13                  IBUF (Prop_ibuf_I_O)         1.424    43.091 r  clk_24mhz_IBUF_inst/O
                         net (fo=1, routed)           1.868    44.959    clk_24mhz_IBUF
    BUFGCTRL_X0Y16       BUFG (Prop_bufg_I_O)         0.091    45.050 r  clk_24mhz_IBUF_BUFG_inst/O
                         net (fo=4073, routed)        1.436    46.486    system_wrapper/audit_events/audit_prf/clk_24mhz_IBUF_BUFG
    SLICE_X44Y26         FDRE                                         r  system_wrapper/audit_events/audit_prf/ciphertext_reg[78]/C
                         clock pessimism              0.186    46.672    
                         clock uncertainty           -0.035    46.637    
    SLICE_X44Y26         FDRE (Setup_fdre_C_D)       -0.105    46.532    system_wrapper/audit_events/audit_prf/ciphertext_reg[78]
  -------------------------------------------------------------------
                         required time                         46.532    
                         arrival time                         -32.832    
  -------------------------------------------------------------------
                         slack                                 13.700    

Slack (MET) :             13.741ns  (required time - arrival time)
  Source:                 system_wrapper/audit_events/audit_prf/state_reg_reg[102]/C
                            (rising edge-triggered cell FDRE clocked by sys_clk  {rise@0.000ns fall@20.833ns period=41.667ns})
  Destination:            system_wrapper/audit_events/audit_prf/state_reg_reg[75]/D
                            (rising edge-triggered cell FDRE clocked by sys_clk  {rise@0.000ns fall@20.833ns period=41.667ns})
  Path Group:             sys_clk
  Path Type:              Setup (Max at Slow Process Corner)
  Requirement:            41.667ns  (sys_clk rise@41.667ns - sys_clk rise@0.000ns)
  Data Path Delay:        27.855ns  (logic 4.543ns (16.310%)  route 23.312ns (83.690%))
  Logic Levels:           20  (LUT2=2 LUT3=1 LUT4=2 LUT5=2 LUT6=13)
  Clock Path Skew:        -0.117ns (DCD - SCD + CPR)
    Destination Clock Delay (DCD):    4.821ns = ( 46.488 - 41.667 ) 
    Source Clock Delay      (SCD):    5.124ns
    Clock Pessimism Removal (CPR):    0.186ns
  Clock Uncertainty:      0.035ns  ((TSJ^2 + TIJ^2)^1/2 + DJ) / 2 + PE
    Total System Jitter     (TSJ):    0.071ns
    Total Input Jitter      (TIJ):    0.000ns
    Discrete Jitter          (DJ):    0.000ns
    Phase Error              (PE):    0.000ns

    Location             Delay type                Incr(ns)  Path(ns)    Netlist Resource(s)
  -------------------------------------------------------------------    -------------------
                         (clock sys_clk rise edge)    0.000     0.000 r  
    D13                                               0.000     0.000 r  clk_24mhz (IN)
                         net (fo=0)                   0.000     0.000    clk_24mhz
    D13                  IBUF (Prop_ibuf_I_O)         1.494     1.494 r  clk_24mhz_IBUF_inst/O
                         net (fo=1, routed)           1.972     3.466    clk_24mhz_IBUF
    BUFGCTRL_X0Y16       BUFG (Prop_bufg_I_O)         0.096     3.562 r  clk_24mhz_IBUF_BUFG_inst/O
                         net (fo=4073, routed)        1.562     5.124    system_wrapper/audit_events/audit_prf/clk_24mhz_IBUF_BUFG
    SLICE_X31Y36         FDRE                                         r  system_wrapper/audit_events/audit_prf/state_reg_reg[102]/C
  -------------------------------------------------------------------    -------------------
    SLICE_X31Y36         FDRE (Prop_fdre_C_Q)         0.456     5.580 r  system_wrapper/audit_events/audit_prf/state_reg_reg[102]/Q
                         net (fo=72, routed)          2.868     8.448    system_wrapper/audit_events/audit_prf/sel0[6]
    SLICE_X2Y56          LUT2 (Prop_lut2_I0_O)        0.150     8.598 r  system_wrapper/audit_events/audit_prf/ciphertext[71]_i_56/O
                         net (fo=16, routed)          1.423    10.021    system_wrapper/audit_events/audit_prf/ciphertext[71]_i_56_n_0
    SLICE_X8Y54          LUT6 (Prop_lut6_I0_O)        0.328    10.349 r  system_wrapper/audit_events/audit_prf/ciphertext[71]_i_71/O
                         net (fo=26, routed)          1.097    11.446    system_wrapper/audit_events/audit_prf/ciphertext[71]_i_71_n_0
    SLICE_X6Y58          LUT5 (Prop_lut5_I0_O)        0.116    11.562 r  system_wrapper/audit_events/audit_prf/ciphertext[71]_i_36/O
                         net (fo=23, routed)          0.854    12.417    system_wrapper/audit_events/audit_prf/ciphertext[71]_i_36_n_0
    SLICE_X5Y57          LUT6 (Prop_lut6_I1_O)        0.328    12.745 r  system_wrapper/audit_events/audit_prf/ciphertext[70]_i_288/O
                         net (fo=2, routed)           0.842    13.587    system_wrapper/audit_events/audit_prf/ciphertext[70]_i_288_n_0
    SLICE_X2Y57          LUT6 (Prop_lut6_I0_O)        0.124    13.711 r  system_wrapper/audit_events/audit_prf/ciphertext[70]_i_240/O
                         net (fo=24, routed)          1.150    14.861    system_wrapper/audit_events/audit_prf/ciphertext[70]_i_240_n_0
    SLICE_X3Y61          LUT5 (Prop_lut5_I0_O)        0.154    15.015 r  system_wrapper/audit_events/audit_prf/ciphertext[70]_i_255/O
                         net (fo=1, routed)           0.814    15.829    system_wrapper/audit_events/audit_prf/ciphertext[70]_i_255_n_0
    SLICE_X3Y59          LUT6 (Prop_lut6_I0_O)        0.327    16.156 r  system_wrapper/audit_events/audit_prf/ciphertext[70]_i_205/O
                         net (fo=9, routed)           0.996    17.152    system_wrapper/audit_events/audit_prf/ciphertext[70]_i_205_n_0
    SLICE_X2Y64          LUT2 (Prop_lut2_I1_O)        0.150    17.302 r  system_wrapper/audit_events/audit_prf/ciphertext[70]_i_183/O
                         net (fo=1, routed)           0.845    18.148    system_wrapper/audit_events/audit_prf/ciphertext[70]_i_183_n_0
    SLICE_X2Y64          LUT6 (Prop_lut6_I1_O)        0.328    18.476 r  system_wrapper/audit_events/audit_prf/ciphertext[70]_i_136/O
                         net (fo=2, routed)           0.863    19.338    system_wrapper/audit_events/audit_prf/ciphertext[70]_i_136_n_0
    SLICE_X8Y65          LUT6 (Prop_lut6_I3_O)        0.124    19.462 r  system_wrapper/audit_events/audit_prf/ciphertext[70]_i_108/O
                         net (fo=21, routed)          1.042    20.505    system_wrapper/audit_events/audit_prf/ciphertext[70]_i_108_n_0
    SLICE_X10Y63         LUT4 (Prop_lut4_I3_O)        0.150    20.655 r  system_wrapper/audit_events/audit_prf/ciphertext[70]_i_91/O
                         net (fo=1, routed)           0.845    21.500    system_wrapper/audit_events/audit_prf/ciphertext[70]_i_91_n_0
    SLICE_X10Y63         LUT6 (Prop_lut6_I2_O)        0.328    21.828 r  system_wrapper/audit_events/audit_prf/ciphertext[70]_i_60/O
                         net (fo=19, routed)          1.234    23.062    system_wrapper/audit_events/audit_prf/ciphertext[70]_i_60_n_0
    SLICE_X10Y57         LUT6 (Prop_lut6_I2_O)        0.124    23.186 r  system_wrapper/audit_events/audit_prf/ciphertext[71]_i_75/O
                         net (fo=3, routed)           0.849    24.035    system_wrapper/audit_events/audit_prf/ciphertext[71]_i_75_n_0
    SLICE_X12Y57         LUT6 (Prop_lut6_I1_O)        0.124    24.159 r  system_wrapper/audit_events/audit_prf/ciphertext[71]_i_38/O
                         net (fo=11, routed)          1.208    25.367    system_wrapper/audit_events/audit_prf/ciphertext[71]_i_38_n_0
    SLICE_X12Y53         LUT4 (Prop_lut4_I0_O)        0.152    25.519 r  system_wrapper/audit_events/audit_prf/ciphertext[68]_i_6/O
                         net (fo=1, routed)           0.862    26.381    system_wrapper/audit_events/audit_prf/ciphertext[68]_i_6_n_0
    SLICE_X12Y53         LUT6 (Prop_lut6_I0_O)        0.348    26.729 r  system_wrapper/audit_events/audit_prf/ciphertext[68]_i_3/O
                         net (fo=5, routed)           1.131    27.860    system_wrapper/audit_events/audit_prf/ciphertext[68]_i_3_n_0
    SLICE_X14Y49         LUT6 (Prop_lut6_I0_O)        0.124    27.984 r  system_wrapper/audit_events/audit_prf/ciphertext[66]_i_2/O
                         net (fo=4, routed)           2.145    30.129    system_wrapper/audit_events/audit_prf/ciphertext[66]_i_2_n_0
    SLICE_X47Y29         LUT6 (Prop_lut6_I3_O)        0.124    30.253 r  system_wrapper/audit_events/audit_prf/state_reg[67]_i_2/O
                         net (fo=2, routed)           1.471    31.724    system_wrapper/audit_events/audit_prf/state_reg[67]_i_2_n_0
    SLICE_X33Y28         LUT3 (Prop_lut3_I0_O)        0.152    31.876 r  system_wrapper/audit_events/audit_prf/state_reg[75]_i_2/O
                         net (fo=1, routed)           0.770    32.647    system_wrapper/audit_events/audit_prf/state_reg[75]_i_2_n_0
    SLICE_X42Y28         LUT6 (Prop_lut6_I2_O)        0.332    32.979 r  system_wrapper/audit_events/audit_prf/state_reg[75]_i_1/O
                         net (fo=1, routed)           0.000    32.979    system_wrapper/audit_events/audit_prf/state_reg[75]_i_1_n_0
    SLICE_X42Y28         FDRE                                         r  system_wrapper/audit_events/audit_prf/state_reg_reg[75]/D
  -------------------------------------------------------------------    -------------------

                         (clock sys_clk rise edge)   41.667    41.667 r  
    D13                                               0.000    41.667 r  clk_24mhz (IN)
                         net (fo=0)                   0.000    41.667    clk_24mhz
    D13                  IBUF (Prop_ibuf_I_O)         1.424    43.091 r  clk_24mhz_IBUF_inst/O
                         net (fo=1, routed)           1.868    44.959    clk_24mhz_IBUF
    BUFGCTRL_X0Y16       BUFG (Prop_bufg_I_O)         0.091    45.050 r  clk_24mhz_IBUF_BUFG_inst/O
                         net (fo=4073, routed)        1.438    46.488    system_wrapper/audit_events/audit_prf/clk_24mhz_IBUF_BUFG
    SLICE_X42Y28         FDRE                                         r  system_wrapper/audit_events/audit_prf/state_reg_reg[75]/C
                         clock pessimism              0.186    46.674    
                         clock uncertainty           -0.035    46.639    
    SLICE_X42Y28         FDRE (Setup_fdre_C_D)        0.081    46.720    system_wrapper/audit_events/audit_prf/state_reg_reg[75]
  -------------------------------------------------------------------
                         required time                         46.720    
                         arrival time                         -32.979    
  -------------------------------------------------------------------
                         slack                                 13.741    

Slack (MET) :             13.819ns  (required time - arrival time)
  Source:                 system_wrapper/audit_events/audit_prf/state_reg_reg[38]/C
                            (rising edge-triggered cell FDRE clocked by sys_clk  {rise@0.000ns fall@20.833ns period=41.667ns})
  Destination:            system_wrapper/audit_events/audit_prf/state_reg_reg[6]/D
                            (rising edge-triggered cell FDRE clocked by sys_clk  {rise@0.000ns fall@20.833ns period=41.667ns})
  Path Group:             sys_clk
  Path Type:              Setup (Max at Slow Process Corner)
  Requirement:            41.667ns  (sys_clk rise@41.667ns - sys_clk rise@0.000ns)
  Data Path Delay:        27.861ns  (logic 4.372ns (15.692%)  route 23.489ns (84.308%))
  Logic Levels:           20  (LUT2=2 LUT3=1 LUT4=4 LUT5=1 LUT6=12)
  Clock Path Skew:        -0.031ns (DCD - SCD + CPR)
    Destination Clock Delay (DCD):    4.819ns = ( 46.486 - 41.667 ) 
    Source Clock Delay      (SCD):    5.122ns
    Clock Pessimism Removal (CPR):    0.272ns
  Clock Uncertainty:      0.035ns  ((TSJ^2 + TIJ^2)^1/2 + DJ) / 2 + PE
    Total System Jitter     (TSJ):    0.071ns
    Total Input Jitter      (TIJ):    0.000ns
    Discrete Jitter          (DJ):    0.000ns
    Phase Error              (PE):    0.000ns

    Location             Delay type                Incr(ns)  Path(ns)    Netlist Resource(s)
  -------------------------------------------------------------------    -------------------
                         (clock sys_clk rise edge)    0.000     0.000 r  
    D13                                               0.000     0.000 r  clk_24mhz (IN)
                         net (fo=0)                   0.000     0.000    clk_24mhz
    D13                  IBUF (Prop_ibuf_I_O)         1.494     1.494 r  clk_24mhz_IBUF_inst/O
                         net (fo=1, routed)           1.972     3.466    clk_24mhz_IBUF
    BUFGCTRL_X0Y16       BUFG (Prop_bufg_I_O)         0.096     3.562 r  clk_24mhz_IBUF_BUFG_inst/O
                         net (fo=4073, routed)        1.560     5.122    system_wrapper/audit_events/audit_prf/clk_24mhz_IBUF_BUFG
    SLICE_X14Y31         FDRE                                         r  system_wrapper/audit_events/audit_prf/state_reg_reg[38]/C
  -------------------------------------------------------------------    -------------------
    SLICE_X14Y31         FDRE (Prop_fdre_C_Q)         0.518     5.640 r  system_wrapper/audit_events/audit_prf/state_reg_reg[38]/Q
                         net (fo=66, routed)          2.758     8.399    system_wrapper/audit_events/audit_prf/state_reg_reg_n_0_[38]
    SLICE_X41Y11         LUT2 (Prop_lut2_I1_O)        0.152     8.551 r  system_wrapper/audit_events/audit_prf/ciphertext[3]_i_37/O
                         net (fo=15, routed)          1.177     9.728    system_wrapper/audit_events/audit_prf/ciphertext[3]_i_37_n_0
    SLICE_X42Y14         LUT6 (Prop_lut6_I0_O)        0.326    10.054 r  system_wrapper/audit_events/audit_prf/ciphertext[3]_i_19/O
                         net (fo=29, routed)          0.869    10.923    system_wrapper/audit_events/audit_prf/ciphertext[3]_i_19_n_0
    SLICE_X41Y13         LUT6 (Prop_lut6_I2_O)        0.124    11.047 r  system_wrapper/audit_events/audit_prf/ciphertext[0]_i_38/O
                         net (fo=33, routed)          1.193    12.240    system_wrapper/audit_events/audit_prf/ciphertext[0]_i_38_n_0
    SLICE_X39Y12         LUT4 (Prop_lut4_I2_O)        0.150    12.390 r  system_wrapper/audit_events/audit_prf/ciphertext[7]_i_239/O
                         net (fo=1, routed)           0.594    12.984    system_wrapper/audit_events/audit_prf/ciphertext[7]_i_239_n_0
    SLICE_X38Y13         LUT6 (Prop_lut6_I0_O)        0.326    13.310 r  system_wrapper/audit_events/audit_prf/ciphertext[7]_i_220/O
                         net (fo=24, routed)          1.202    14.512    system_wrapper/audit_events/audit_prf/ciphertext[7]_i_220_n_0
    SLICE_X31Y12         LUT2 (Prop_lut2_I1_O)        0.152    14.664 r  system_wrapper/audit_events/audit_prf/ciphertext[6]_i_136/O
                         net (fo=4, routed)           0.958    15.621    system_wrapper/audit_events/audit_prf/ciphertext[6]_i_136_n_0
    SLICE_X33Y9          LUT6 (Prop_lut6_I1_O)        0.326    15.947 r  system_wrapper/audit_events/audit_prf/ciphertext[6]_i_119/O
                         net (fo=17, routed)          1.229    17.176    system_wrapper/audit_events/audit_prf/ciphertext[6]_i_119_n_0
    SLICE_X32Y13         LUT6 (Prop_lut6_I0_O)        0.124    17.300 r  system_wrapper/audit_events/audit_prf/ciphertext[6]_i_105/O
                         net (fo=19, routed)          1.193    18.493    system_wrapper/audit_events/audit_prf/ciphertext[6]_i_105_n_0
    SLICE_X31Y14         LUT4 (Prop_lut4_I1_O)        0.152    18.645 r  system_wrapper/audit_events/audit_prf/ciphertext[0]_i_100/O
                         net (fo=2, routed)           0.611    19.256    system_wrapper/audit_events/audit_prf/ciphertext[0]_i_100_n_0
    SLICE_X29Y14         LUT6 (Prop_lut6_I5_O)        0.326    19.582 r  system_wrapper/audit_events/audit_prf/ciphertext[0]_i_92/O
                         net (fo=15, routed)          1.141    20.723    system_wrapper/audit_events/audit_prf/ciphertext[0]_i_92_n_0
    SLICE_X29Y19         LUT5 (Prop_lut5_I4_O)        0.150    20.873 r  system_wrapper/audit_events/audit_prf/ciphertext[7]_i_65/O
                         net (fo=2, routed)           0.870    21.744    system_wrapper/audit_events/audit_prf/ciphertext[7]_i_65_n_0
    SLICE_X29Y19         LUT6 (Prop_lut6_I2_O)        0.326    22.070 r  system_wrapper/audit_events/audit_prf/ciphertext[7]_i_39/O
                         net (fo=15, routed)          1.317    23.387    system_wrapper/audit_events/audit_prf/ciphertext[7]_i_39_n_0
    SLICE_X14Y16         LUT4 (Prop_lut4_I2_O)        0.148    23.535 r  system_wrapper/audit_events/audit_prf/ciphertext[0]_i_57/O
                         net (fo=1, routed)           0.834    24.368    system_wrapper/audit_events/audit_prf/ciphertext[0]_i_57_n_0
    SLICE_X14Y15         LUT6 (Prop_lut6_I2_O)        0.328    24.696 r  system_wrapper/audit_events/audit_prf/ciphertext[0]_i_31/O
                         net (fo=17, routed)          1.168    25.864    system_wrapper/audit_events/audit_prf/ciphertext[0]_i_31_n_0
    SLICE_X14Y20         LUT6 (Prop_lut6_I0_O)        0.124    25.988 r  system_wrapper/audit_events/audit_prf/ciphertext[3]_i_9/O
                         net (fo=4, routed)           0.930    26.918    system_wrapper/audit_events/audit_prf/ciphertext[3]_i_9_n_0
    SLICE_X12Y22         LUT3 (Prop_lut3_I1_O)        0.124    27.042 r  system_wrapper/audit_events/audit_prf/ciphertext[0]_i_7/O
                         net (fo=1, routed)           0.843    27.885    system_wrapper/audit_events/audit_prf/ciphertext[0]_i_7_n_0
    SLICE_X12Y22         LUT6 (Prop_lut6_I2_O)        0.124    28.009 r  system_wrapper/audit_events/audit_prf/ciphertext[0]_i_2/O
                         net (fo=7, routed)           0.966    28.975    system_wrapper/audit_events/audit_prf/ciphertext[0]_i_2_n_0
    SLICE_X14Y23         LUT4 (Prop_lut4_I0_O)        0.124    29.099 r  system_wrapper/audit_events/audit_prf/ciphertext[5]_i_2/O
                         net (fo=5, routed)           1.546    30.645    system_wrapper/audit_events/audit_prf/ciphertext[5]_i_2_n_0
    SLICE_X36Y10         LUT6 (Prop_lut6_I5_O)        0.124    30.769 r  system_wrapper/audit_events/audit_prf/state_reg[21]_i_2/O
                         net (fo=2, routed)           2.090    32.859    system_wrapper/audit_events/audit_prf/state_reg[21]_i_2_n_0
    SLICE_X14Y25         LUT6 (Prop_lut6_I0_O)        0.124    32.983 r  system_wrapper/audit_events/audit_prf/state_reg[6]_i_1/O
                         net (fo=1, routed)           0.000    32.983    system_wrapper/audit_events/audit_prf/state_reg[6]_i_1_n_0
    SLICE_X14Y25         FDRE                                         r  system_wrapper/audit_events/audit_prf/state_reg_reg[6]/D
  -------------------------------------------------------------------    -------------------

                         (clock sys_clk rise edge)   41.667    41.667 r  
    D13                                               0.000    41.667 r  clk_24mhz (IN)
                         net (fo=0)                   0.000    41.667    clk_24mhz
    D13                  IBUF (Prop_ibuf_I_O)         1.424    43.091 r  clk_24mhz_IBUF_inst/O
                         net (fo=1, routed)           1.868    44.959    clk_24mhz_IBUF
    BUFGCTRL_X0Y16       BUFG (Prop_bufg_I_O)         0.091    45.050 r  clk_24mhz_IBUF_BUFG_inst/O
                         net (fo=4073, routed)        1.436    46.486    system_wrapper/audit_events/audit_prf/clk_24mhz_IBUF_BUFG
    SLICE_X14Y25         FDRE                                         r  system_wrapper/audit_events/audit_prf/state_reg_reg[6]/C
                         clock pessimism              0.272    46.758    
                         clock uncertainty           -0.035    46.723    
    SLICE_X14Y25         FDRE (Setup_fdre_C_D)        0.079    46.802    system_wrapper/audit_events/audit_prf/state_reg_reg[6]
  -------------------------------------------------------------------
                         required time                         46.802    
                         arrival time                         -32.983    
  -------------------------------------------------------------------
                         slack                                 13.819    

Slack (MET) :             13.933ns  (required time - arrival time)
  Source:                 system_wrapper/audit_events/audit_prf/state_reg_reg[51]/C
                            (rising edge-triggered cell FDRE clocked by sys_clk  {rise@0.000ns fall@20.833ns period=41.667ns})
  Destination:            system_wrapper/audit_events/audit_prf/ciphertext_reg[82]/D
                            (rising edge-triggered cell FDRE clocked by sys_clk  {rise@0.000ns fall@20.833ns period=41.667ns})
  Path Group:             sys_clk
  Path Type:              Setup (Max at Slow Process Corner)
  Requirement:            41.667ns  (sys_clk rise@41.667ns - sys_clk rise@0.000ns)
  Data Path Delay:        27.551ns  (logic 4.396ns (15.956%)  route 23.155ns (84.044%))
  Logic Levels:           20  (LUT2=1 LUT3=1 LUT4=2 LUT5=3 LUT6=13)
  Clock Path Skew:        -0.117ns (DCD - SCD + CPR)
    Destination Clock Delay (DCD):    4.822ns = ( 46.489 - 41.667 ) 
    Source Clock Delay      (SCD):    5.125ns
    Clock Pessimism Removal (CPR):    0.186ns
  Clock Uncertainty:      0.035ns  ((TSJ^2 + TIJ^2)^1/2 + DJ) / 2 + PE
    Total System Jitter     (TSJ):    0.071ns
    Total Input Jitter      (TIJ):    0.000ns
    Discrete Jitter          (DJ):    0.000ns
    Phase Error              (PE):    0.000ns

    Location             Delay type                Incr(ns)  Path(ns)    Netlist Resource(s)
  -------------------------------------------------------------------    -------------------
                         (clock sys_clk rise edge)    0.000     0.000 r  
    D13                                               0.000     0.000 r  clk_24mhz (IN)
                         net (fo=0)                   0.000     0.000    clk_24mhz
    D13                  IBUF (Prop_ibuf_I_O)         1.494     1.494 r  clk_24mhz_IBUF_inst/O
                         net (fo=1, routed)           1.972     3.466    clk_24mhz_IBUF
    BUFGCTRL_X0Y16       BUFG (Prop_bufg_I_O)         0.096     3.562 r  clk_24mhz_IBUF_BUFG_inst/O
                         net (fo=4073, routed)        1.563     5.125    system_wrapper/audit_events/audit_prf/clk_24mhz_IBUF_BUFG
    SLICE_X12Y33         FDRE                                         r  system_wrapper/audit_events/audit_prf/state_reg_reg[51]/C
  -------------------------------------------------------------------    -------------------
    SLICE_X12Y33         FDRE (Prop_fdre_C_Q)         0.518     5.643 r  system_wrapper/audit_events/audit_prf/state_reg_reg[51]/Q
                         net (fo=52, routed)          3.558     9.201    system_wrapper/audit_events/audit_prf/state_reg_reg_n_0_[51]
    SLICE_X60Y29         LUT5 (Prop_lut5_I0_O)        0.150     9.351 r  system_wrapper/audit_events/audit_prf/ciphertext[87]_i_84/O
                         net (fo=2, routed)           0.802    10.153    system_wrapper/audit_events/audit_prf/ciphertext[87]_i_84_n_0
    SLICE_X59Y29         LUT6 (Prop_lut6_I3_O)        0.328    10.481 r  system_wrapper/audit_events/audit_prf/ciphertext[84]_i_132/O
                         net (fo=11, routed)          0.827    11.308    system_wrapper/audit_events/audit_prf/ciphertext[84]_i_132_n_0
    SLICE_X61Y28         LUT6 (Prop_lut6_I0_O)        0.124    11.432 r  system_wrapper/audit_events/audit_prf/ciphertext[84]_i_138/O
                         net (fo=3, routed)           0.458    11.890    system_wrapper/audit_events/audit_prf/ciphertext[84]_i_138_n_0
    SLICE_X61Y28         LUT6 (Prop_lut6_I2_O)        0.124    12.014 r  system_wrapper/audit_events/audit_prf/ciphertext[84]_i_96/O
                         net (fo=1, routed)           1.008    13.023    system_wrapper/audit_events/audit_prf/ciphertext[84]_i_96_n_0
    SLICE_X63Y29         LUT6 (Prop_lut6_I1_O)        0.124    13.147 r  system_wrapper/audit_events/audit_prf/ciphertext[84]_i_60/O
                         net (fo=48, routed)          1.172    14.319    system_wrapper/audit_events/audit_prf/ciphertext[84]_i_60_n_0
    SLICE_X64Y33         LUT6 (Prop_lut6_I2_O)        0.124    14.443 r  system_wrapper/audit_events/audit_prf/ciphertext[84]_i_299/O
                         net (fo=1, routed)           1.300    15.743    system_wrapper/audit_events/audit_prf/ciphertext[84]_i_299_n_0
    SLICE_X64Y37         LUT6 (Prop_lut6_I3_O)        0.124    15.867 r  system_wrapper/audit_events/audit_prf/ciphertext[84]_i_264/O
                         net (fo=3, routed)           0.877    16.744    system_wrapper/audit_events/audit_prf/ciphertext[84]_i_264_n_0
    SLICE_X65Y37         LUT6 (Prop_lut6_I1_O)        0.124    16.868 r  system_wrapper/audit_events/audit_prf/ciphertext[84]_i_257/O
                         net (fo=1, routed)           0.958    17.826    system_wrapper/audit_events/audit_prf/ciphertext[84]_i_257_n_0
    SLICE_X62Y39         LUT6 (Prop_lut6_I0_O)        0.124    17.950 r  system_wrapper/audit_events/audit_prf/ciphertext[84]_i_221/O
                         net (fo=2, routed)           0.977    18.926    system_wrapper/audit_events/audit_prf/ciphertext[84]_i_221_n_0
    SLICE_X60Y37         LUT6 (Prop_lut6_I0_O)        0.124    19.050 r  system_wrapper/audit_events/audit_prf/ciphertext[84]_i_173/O
                         net (fo=6, routed)           1.009    20.060    system_wrapper/audit_events/audit_prf/ciphertext[84]_i_173_n_0
    SLICE_X59Y34         LUT5 (Prop_lut5_I0_O)        0.150    20.210 r  system_wrapper/audit_events/audit_prf/ciphertext[84]_i_157/O
                         net (fo=10, routed)          1.033    21.242    system_wrapper/audit_events/audit_prf/ciphertext[84]_i_157_n_0
    SLICE_X56Y32         LUT5 (Prop_lut5_I3_O)        0.352    21.594 r  system_wrapper/audit_events/audit_prf/ciphertext[83]_i_52/O
                         net (fo=1, routed)           0.986    22.580    system_wrapper/audit_events/audit_prf/ciphertext[83]_i_52_n_0
    SLICE_X56Y32         LUT6 (Prop_lut6_I2_O)        0.348    22.928 r  system_wrapper/audit_events/audit_prf/ciphertext[83]_i_30/O
                         net (fo=11, routed)          1.324    24.252    system_wrapper/audit_events/audit_prf/ciphertext[83]_i_30_n_0
    SLICE_X53Y30         LUT4 (Prop_lut4_I1_O)        0.152    24.404 r  system_wrapper/audit_events/audit_prf/ciphertext[87]_i_47/O
                         net (fo=1, routed)           1.000    25.404    system_wrapper/audit_events/audit_prf/ciphertext[87]_i_47_n_0
    SLICE_X53Y30         LUT6 (Prop_lut6_I0_O)        0.326    25.730 r  system_wrapper/audit_events/audit_prf/ciphertext[87]_i_24/O
                         net (fo=4, routed)           1.194    26.925    system_wrapper/audit_events/audit_prf/ciphertext[87]_i_24_n_0
    SLICE_X50Y32         LUT6 (Prop_lut6_I2_O)        0.124    27.049 r  system_wrapper/audit_events/audit_prf/ciphertext[87]_i_11/O
                         net (fo=8, routed)           1.091    28.140    system_wrapper/audit_events/audit_prf/ciphertext[87]_i_11_n_0
    SLICE_X47Y32         LUT4 (Prop_lut4_I0_O)        0.152    28.292 r  system_wrapper/audit_events/audit_prf/ciphertext[86]_i_7/O
                         net (fo=1, routed)           1.000    29.292    system_wrapper/audit_events/audit_prf/ciphertext[86]_i_7_n_0
    SLICE_X47Y32         LUT6 (Prop_lut6_I0_O)        0.326    29.618 r  system_wrapper/audit_events/audit_prf/ciphertext[86]_i_4/O
                         net (fo=4, routed)           1.141    30.759    system_wrapper/audit_events/audit_prf/ciphertext[86]_i_4_n_0
    SLICE_X45Y31         LUT3 (Prop_lut3_I0_O)        0.152    30.911 r  system_wrapper/audit_events/audit_prf/ciphertext[82]_i_2/O
                         net (fo=5, routed)           0.780    31.691    system_wrapper/audit_events/audit_prf/ciphertext[82]_i_2_n_0
    SLICE_X42Y29         LUT2 (Prop_lut2_I1_O)        0.326    32.017 r  system_wrapper/audit_events/audit_prf/ciphertext[82]_i_1/O
                         net (fo=1, routed)           0.660    32.676    system_wrapper/audit_events/audit_prf/ciphertext0[82]
    SLICE_X42Y29         FDRE                                         r  system_wrapper/audit_events/audit_prf/ciphertext_reg[82]/D
  -------------------------------------------------------------------    -------------------

                         (clock sys_clk rise edge)   41.667    41.667 r  
    D13                                               0.000    41.667 r  clk_24mhz (IN)
                         net (fo=0)                   0.000    41.667    clk_24mhz
    D13                  IBUF (Prop_ibuf_I_O)         1.424    43.091 r  clk_24mhz_IBUF_inst/O
                         net (fo=1, routed)           1.868    44.959    clk_24mhz_IBUF
    BUFGCTRL_X0Y16       BUFG (Prop_bufg_I_O)         0.091    45.050 r  clk_24mhz_IBUF_BUFG_inst/O
                         net (fo=4073, routed)        1.439    46.489    system_wrapper/audit_events/audit_prf/clk_24mhz_IBUF_BUFG
    SLICE_X42Y29         FDRE                                         r  system_wrapper/audit_events/audit_prf/ciphertext_reg[82]/C
                         clock pessimism              0.186    46.675    
                         clock uncertainty           -0.035    46.640    
    SLICE_X42Y29         FDRE (Setup_fdre_C_D)       -0.030    46.610    system_wrapper/audit_events/audit_prf/ciphertext_reg[82]
  -------------------------------------------------------------------
                         required time                         46.610    
                         arrival time                         -32.676    
  -------------------------------------------------------------------
                         slack                                 13.933    

Slack (MET) :             13.935ns  (required time - arrival time)
  Source:                 system_wrapper/audit_events/audit_prf/round_key_reg[21]/C
                            (rising edge-triggered cell FDRE clocked by sys_clk  {rise@0.000ns fall@20.833ns period=41.667ns})
  Destination:            system_wrapper/audit_events/audit_prf/state_reg_reg[93]/D
                            (rising edge-triggered cell FDRE clocked by sys_clk  {rise@0.000ns fall@20.833ns period=41.667ns})
  Path Group:             sys_clk
  Path Type:              Setup (Max at Slow Process Corner)
  Requirement:            41.667ns  (sys_clk rise@41.667ns - sys_clk rise@0.000ns)
  Data Path Delay:        27.562ns  (logic 4.063ns (14.741%)  route 23.499ns (85.259%))
  Logic Levels:           20  (LUT2=1 LUT3=2 LUT4=2 LUT5=2 LUT6=13)
  Clock Path Skew:        -0.104ns (DCD - SCD + CPR)
    Destination Clock Delay (DCD):    4.823ns = ( 46.490 - 41.667 ) 
    Source Clock Delay      (SCD):    5.113ns
    Clock Pessimism Removal (CPR):    0.186ns
  Clock Uncertainty:      0.035ns  ((TSJ^2 + TIJ^2)^1/2 + DJ) / 2 + PE
    Total System Jitter     (TSJ):    0.071ns
    Total Input Jitter      (TIJ):    0.000ns
    Discrete Jitter          (DJ):    0.000ns
    Phase Error              (PE):    0.000ns

    Location             Delay type                Incr(ns)  Path(ns)    Netlist Resource(s)
  -------------------------------------------------------------------    -------------------
                         (clock sys_clk rise edge)    0.000     0.000 r  
    D13                                               0.000     0.000 r  clk_24mhz (IN)
                         net (fo=0)                   0.000     0.000    clk_24mhz
    D13                  IBUF (Prop_ibuf_I_O)         1.494     1.494 r  clk_24mhz_IBUF_inst/O
                         net (fo=1, routed)           1.972     3.466    clk_24mhz_IBUF
    BUFGCTRL_X0Y16       BUFG (Prop_bufg_I_O)         0.096     3.562 r  clk_24mhz_IBUF_BUFG_inst/O
                         net (fo=4073, routed)        1.551     5.113    system_wrapper/audit_events/audit_prf/clk_24mhz_IBUF_BUFG
    SLICE_X15Y24         FDRE                                         r  system_wrapper/audit_events/audit_prf/round_key_reg[21]/C
  -------------------------------------------------------------------    -------------------
    SLICE_X15Y24         FDRE (Prop_fdre_C_Q)         0.456     5.569 r  system_wrapper/audit_events/audit_prf/round_key_reg[21]/Q
                         net (fo=65, routed)          2.692     8.261    system_wrapper/audit_events/audit_prf/value[5]
    SLICE_X53Y16         LUT3 (Prop_lut3_I0_O)        0.124     8.385 r  system_wrapper/audit_events/audit_prf/round_key[127]_i_208/O
                         net (fo=23, routed)          0.971     9.356    system_wrapper/audit_events/audit_prf/round_key[127]_i_208_n_0
    SLICE_X46Y14         LUT6 (Prop_lut6_I2_O)        0.124     9.480 r  system_wrapper/audit_events/audit_prf/round_key[127]_i_218/O
                         net (fo=9, routed)           0.989    10.469    system_wrapper/audit_events/audit_prf/round_key[127]_i_218_n_0
    SLICE_X45Y11         LUT5 (Prop_lut5_I1_O)        0.124    10.593 r  system_wrapper/audit_events/audit_prf/round_key[127]_i_266/O
                         net (fo=11, routed)          1.158    11.751    system_wrapper/audit_events/audit_prf/round_key[127]_i_266_n_0
    SLICE_X50Y14         LUT6 (Prop_lut6_I3_O)        0.124    11.875 r  system_wrapper/audit_events/audit_prf/round_key[127]_i_179/O
                         net (fo=13, routed)          1.319    13.194    system_wrapper/audit_events/audit_prf/round_key[127]_i_179_n_0
    SLICE_X47Y13         LUT6 (Prop_lut6_I1_O)        0.124    13.318 f  system_wrapper/audit_events/audit_prf/round_key[127]_i_106/O
                         net (fo=30, routed)          1.722    15.040    system_wrapper/audit_events/audit_prf/round_key[127]_i_106_n_0
    SLICE_X53Y9          LUT6 (Prop_lut6_I0_O)        0.124    15.164 r  system_wrapper/audit_events/audit_prf/round_key[127]_i_482/O
                         net (fo=1, routed)           0.785    15.949    system_wrapper/audit_events/audit_prf/round_key[127]_i_482_n_0
    SLICE_X55Y9          LUT6 (Prop_lut6_I1_O)        0.124    16.073 r  system_wrapper/audit_events/audit_prf/round_key[127]_i_417/O
                         net (fo=24, routed)          0.783    16.856    system_wrapper/audit_events/audit_prf/round_key[127]_i_417_n_0
    SLICE_X54Y13         LUT6 (Prop_lut6_I0_O)        0.124    16.980 r  system_wrapper/audit_events/audit_prf/round_key[127]_i_374/O
                         net (fo=17, routed)          1.089    18.069    system_wrapper/audit_events/audit_prf/round_key[127]_i_374_n_0
    SLICE_X53Y16         LUT5 (Prop_lut5_I0_O)        0.150    18.219 r  system_wrapper/audit_events/audit_prf/round_key[127]_i_350/O
                         net (fo=5, routed)           1.305    19.524    system_wrapper/audit_events/audit_prf/round_key[127]_i_350_n_0
    SLICE_X56Y18         LUT6 (Prop_lut6_I0_O)        0.332    19.856 r  system_wrapper/audit_events/audit_prf/round_key[127]_i_284/O
                         net (fo=15, routed)          1.040    20.896    system_wrapper/audit_events/audit_prf/round_key[127]_i_284_n_0
    SLICE_X50Y20         LUT4 (Prop_lut4_I1_O)        0.148    21.044 r  system_wrapper/audit_events/audit_prf/round_key[127]_i_232/O
                         net (fo=2, routed)           1.210    22.254    system_wrapper/audit_events/audit_prf/round_key[127]_i_232_n_0
    SLICE_X50Y20         LUT6 (Prop_lut6_I1_O)        0.328    22.582 r  system_wrapper/audit_events/audit_prf/round_key[127]_i_167/O
                         net (fo=5, routed)           0.685    23.267    system_wrapper/audit_events/audit_prf/round_key[127]_i_167_n_0
    SLICE_X48Y21         LUT4 (Prop_lut4_I1_O)        0.152    23.419 r  system_wrapper/audit_events/audit_prf/round_key[127]_i_93/O
                         net (fo=2, routed)           1.239    24.658    system_wrapper/audit_events/audit_prf/round_key[127]_i_93_n_0
    SLICE_X46Y21         LUT6 (Prop_lut6_I0_O)        0.332    24.990 r  system_wrapper/audit_events/audit_prf/round_key[127]_i_49/O
                         net (fo=5, routed)           0.905    25.895    system_wrapper/audit_events/audit_prf/round_key[127]_i_49_n_0
    SLICE_X46Y17         LUT3 (Prop_lut3_I1_O)        0.150    26.045 r  system_wrapper/audit_events/audit_prf/round_key[126]_i_8/O
                         net (fo=1, routed)           0.623    26.669    system_wrapper/audit_events/audit_prf/round_key[126]_i_8_n_0
    SLICE_X47Y17         LUT6 (Prop_lut6_I3_O)        0.328    26.997 r  system_wrapper/audit_events/audit_prf/round_key[126]_i_6/O
                         net (fo=2, routed)           1.096    28.093    system_wrapper/audit_events/audit_prf/round_key[126]_i_6_n_0
    SLICE_X45Y18         LUT6 (Prop_lut6_I0_O)        0.124    28.217 r  system_wrapper/audit_events/audit_prf/round_key[125]_i_3/O
                         net (fo=7, routed)           1.247    29.464    system_wrapper/audit_events/audit_prf/round_key[125]_i_3_n_0
    SLICE_X43Y27         LUT6 (Prop_lut6_I0_O)        0.124    29.588 r  system_wrapper/audit_events/audit_prf/round_key[125]_i_2/O
                         net (fo=5, routed)           0.968    30.556    system_wrapper/audit_events/audit_prf/round_key[125]_i_2_n_0
    SLICE_X29Y30         LUT2 (Prop_lut2_I1_O)        0.120    30.676 r  system_wrapper/audit_events/audit_prf/round_key[93]_i_2/O
                         net (fo=3, routed)           1.340    32.016    system_wrapper/audit_events/audit_prf/round_key[93]_i_2_n_0
    SLICE_X42Y31         LUT6 (Prop_lut6_I1_O)        0.327    32.343 r  system_wrapper/audit_events/audit_prf/state_reg[93]_i_1/O
                         net (fo=1, routed)           0.332    32.675    system_wrapper/audit_events/audit_prf/state_reg[93]_i_1_n_0
    SLICE_X42Y31         FDRE                                         r  system_wrapper/audit_events/audit_prf/state_reg_reg[93]/D
  -------------------------------------------------------------------    -------------------

                         (clock sys_clk rise edge)   41.667    41.667 r  
    D13                                               0.000    41.667 r  clk_24mhz (IN)
                         net (fo=0)                   0.000    41.667    clk_24mhz
    D13                  IBUF (Prop_ibuf_I_O)         1.424    43.091 r  clk_24mhz_IBUF_inst/O
                         net (fo=1, routed)           1.868    44.959    clk_24mhz_IBUF
    BUFGCTRL_X0Y16       BUFG (Prop_bufg_I_O)         0.091    45.050 r  clk_24mhz_IBUF_BUFG_inst/O
                         net (fo=4073, routed)        1.440    46.490    system_wrapper/audit_events/audit_prf/clk_24mhz_IBUF_BUFG
    SLICE_X42Y31         FDRE                                         r  system_wrapper/audit_events/audit_prf/state_reg_reg[93]/C
                         clock pessimism              0.186    46.676    
                         clock uncertainty           -0.035    46.641    
    SLICE_X42Y31         FDRE (Setup_fdre_C_D)       -0.031    46.610    system_wrapper/audit_events/audit_prf/state_reg_reg[93]
  -------------------------------------------------------------------
                         required time                         46.610    
                         arrival time                         -32.675    
  -------------------------------------------------------------------
                         slack                                 13.935    

Slack (MET) :             13.985ns  (required time - arrival time)
  Source:                 system_wrapper/audit_events/audit_prf/state_reg_reg[38]/C
                            (rising edge-triggered cell FDRE clocked by sys_clk  {rise@0.000ns fall@20.833ns period=41.667ns})
  Destination:            system_wrapper/audit_events/audit_prf/state_reg_reg[21]/D
                            (rising edge-triggered cell FDRE clocked by sys_clk  {rise@0.000ns fall@20.833ns period=41.667ns})
  Path Group:             sys_clk
  Path Type:              Setup (Max at Slow Process Corner)
  Requirement:            41.667ns  (sys_clk rise@41.667ns - sys_clk rise@0.000ns)
  Data Path Delay:        27.693ns  (logic 4.372ns (15.787%)  route 23.321ns (84.213%))
  Logic Levels:           20  (LUT2=2 LUT3=1 LUT4=4 LUT5=1 LUT6=12)
  Clock Path Skew:        -0.031ns (DCD - SCD + CPR)
    Destination Clock Delay (DCD):    4.819ns = ( 46.486 - 41.667 ) 
    Source Clock Delay      (SCD):    5.122ns
    Clock Pessimism Removal (CPR):    0.272ns
  Clock Uncertainty:      0.035ns  ((TSJ^2 + TIJ^2)^1/2 + DJ) / 2 + PE
    Total System Jitter     (TSJ):    0.071ns
    Total Input Jitter      (TIJ):    0.000ns
    Discrete Jitter          (DJ):    0.000ns
    Phase Error              (PE):    0.000ns

    Location             Delay type                Incr(ns)  Path(ns)    Netlist Resource(s)
  -------------------------------------------------------------------    -------------------
                         (clock sys_clk rise edge)    0.000     0.000 r  
    D13                                               0.000     0.000 r  clk_24mhz (IN)
                         net (fo=0)                   0.000     0.000    clk_24mhz
    D13                  IBUF (Prop_ibuf_I_O)         1.494     1.494 r  clk_24mhz_IBUF_inst/O
                         net (fo=1, routed)           1.972     3.466    clk_24mhz_IBUF
    BUFGCTRL_X0Y16       BUFG (Prop_bufg_I_O)         0.096     3.562 r  clk_24mhz_IBUF_BUFG_inst/O
                         net (fo=4073, routed)        1.560     5.122    system_wrapper/audit_events/audit_prf/clk_24mhz_IBUF_BUFG
    SLICE_X14Y31         FDRE                                         r  system_wrapper/audit_events/audit_prf/state_reg_reg[38]/C
  -------------------------------------------------------------------    -------------------
    SLICE_X14Y31         FDRE (Prop_fdre_C_Q)         0.518     5.640 r  system_wrapper/audit_events/audit_prf/state_reg_reg[38]/Q
                         net (fo=66, routed)          2.758     8.399    system_wrapper/audit_events/audit_prf/state_reg_reg_n_0_[38]
    SLICE_X41Y11         LUT2 (Prop_lut2_I1_O)        0.152     8.551 r  system_wrapper/audit_events/audit_prf/ciphertext[3]_i_37/O
                         net (fo=15, routed)          1.177     9.728    system_wrapper/audit_events/audit_prf/ciphertext[3]_i_37_n_0
    SLICE_X42Y14         LUT6 (Prop_lut6_I0_O)        0.326    10.054 r  system_wrapper/audit_events/audit_prf/ciphertext[3]_i_19/O
                         net (fo=29, routed)          0.869    10.923    system_wrapper/audit_events/audit_prf/ciphertext[3]_i_19_n_0
    SLICE_X41Y13         LUT6 (Prop_lut6_I2_O)        0.124    11.047 r  system_wrapper/audit_events/audit_prf/ciphertext[0]_i_38/O
                         net (fo=33, routed)          1.193    12.240    system_wrapper/audit_events/audit_prf/ciphertext[0]_i_38_n_0
    SLICE_X39Y12         LUT4 (Prop_lut4_I2_O)        0.150    12.390 r  system_wrapper/audit_events/audit_prf/ciphertext[7]_i_239/O
                         net (fo=1, routed)           0.594    12.984    system_wrapper/audit_events/audit_prf/ciphertext[7]_i_239_n_0
    SLICE_X38Y13         LUT6 (Prop_lut6_I0_O)        0.326    13.310 r  system_wrapper/audit_events/audit_prf/ciphertext[7]_i_220/O
                         net (fo=24, routed)          1.202    14.512    system_wrapper/audit_events/audit_prf/ciphertext[7]_i_220_n_0
    SLICE_X31Y12         LUT2 (Prop_lut2_I1_O)        0.152    14.664 r  system_wrapper/audit_events/audit_prf/ciphertext[6]_i_136/O
                         net (fo=4, routed)           0.958    15.621    system_wrapper/audit_events/audit_prf/ciphertext[6]_i_136_n_0
    SLICE_X33Y9          LUT6 (Prop_lut6_I1_O)        0.326    15.947 r  system_wrapper/audit_events/audit_prf/ciphertext[6]_i_119/O
                         net (fo=17, routed)          1.229    17.176    system_wrapper/audit_events/audit_prf/ciphertext[6]_i_119_n_0
    SLICE_X32Y13         LUT6 (Prop_lut6_I0_O)        0.124    17.300 r  system_wrapper/audit_events/audit_prf/ciphertext[6]_i_105/O
                         net (fo=19, routed)          1.193    18.493    system_wrapper/audit_events/audit_prf/ciphertext[6]_i_105_n_0
    SLICE_X31Y14         LUT4 (Prop_lut4_I1_O)        0.152    18.645 r  system_wrapper/audit_events/audit_prf/ciphertext[0]_i_100/O
                         net (fo=2, routed)           0.611    19.256    system_wrapper/audit_events/audit_prf/ciphertext[0]_i_100_n_0
    SLICE_X29Y14         LUT6 (Prop_lut6_I5_O)        0.326    19.582 r  system_wrapper/audit_events/audit_prf/ciphertext[0]_i_92/O
                         net (fo=15, routed)          1.141    20.723    system_wrapper/audit_events/audit_prf/ciphertext[0]_i_92_n_0
    SLICE_X29Y19         LUT5 (Prop_lut5_I4_O)        0.150    20.873 r  system_wrapper/audit_events/audit_prf/ciphertext[7]_i_65/O
                         net (fo=2, routed)           0.870    21.744    system_wrapper/audit_events/audit_prf/ciphertext[7]_i_65_n_0
    SLICE_X29Y19         LUT6 (Prop_lut6_I2_O)        0.326    22.070 r  system_wrapper/audit_events/audit_prf/ciphertext[7]_i_39/O
                         net (fo=15, routed)          1.317    23.387    system_wrapper/audit_events/audit_prf/ciphertext[7]_i_39_n_0
    SLICE_X14Y16         LUT4 (Prop_lut4_I2_O)        0.148    23.535 r  system_wrapper/audit_events/audit_prf/ciphertext[0]_i_57/O
                         net (fo=1, routed)           0.834    24.368    system_wrapper/audit_events/audit_prf/ciphertext[0]_i_57_n_0
    SLICE_X14Y15         LUT6 (Prop_lut6_I2_O)        0.328    24.696 r  system_wrapper/audit_events/audit_prf/ciphertext[0]_i_31/O
                         net (fo=17, routed)          1.168    25.864    system_wrapper/audit_events/audit_prf/ciphertext[0]_i_31_n_0
    SLICE_X14Y20         LUT6 (Prop_lut6_I0_O)        0.124    25.988 r  system_wrapper/audit_events/audit_prf/ciphertext[3]_i_9/O
                         net (fo=4, routed)           0.930    26.918    system_wrapper/audit_events/audit_prf/ciphertext[3]_i_9_n_0
    SLICE_X12Y22         LUT3 (Prop_lut3_I1_O)        0.124    27.042 r  system_wrapper/audit_events/audit_prf/ciphertext[0]_i_7/O
                         net (fo=1, routed)           0.843    27.885    system_wrapper/audit_events/audit_prf/ciphertext[0]_i_7_n_0
    SLICE_X12Y22         LUT6 (Prop_lut6_I2_O)        0.124    28.009 r  system_wrapper/audit_events/audit_prf/ciphertext[0]_i_2/O
                         net (fo=7, routed)           0.966    28.975    system_wrapper/audit_events/audit_prf/ciphertext[0]_i_2_n_0
    SLICE_X14Y23         LUT4 (Prop_lut4_I0_O)        0.124    29.099 r  system_wrapper/audit_events/audit_prf/ciphertext[5]_i_2/O
                         net (fo=5, routed)           1.546    30.645    system_wrapper/audit_events/audit_prf/ciphertext[5]_i_2_n_0
    SLICE_X36Y10         LUT6 (Prop_lut6_I5_O)        0.124    30.769 r  system_wrapper/audit_events/audit_prf/state_reg[21]_i_2/O
                         net (fo=2, routed)           1.922    32.691    system_wrapper/audit_events/audit_prf/state_reg[21]_i_2_n_0
    SLICE_X14Y25         LUT6 (Prop_lut6_I0_O)        0.124    32.815 r  system_wrapper/audit_events/audit_prf/state_reg[21]_i_1/O
                         net (fo=1, routed)           0.000    32.815    system_wrapper/audit_events/audit_prf/state_reg[21]_i_1_n_0
    SLICE_X14Y25         FDRE                                         r  system_wrapper/audit_events/audit_prf/state_reg_reg[21]/D
  -------------------------------------------------------------------    -------------------

                         (clock sys_clk rise edge)   41.667    41.667 r  
    D13                                               0.000    41.667 r  clk_24mhz (IN)
                         net (fo=0)                   0.000    41.667    clk_24mhz
    D13                  IBUF (Prop_ibuf_I_O)         1.424    43.091 r  clk_24mhz_IBUF_inst/O
                         net (fo=1, routed)           1.868    44.959    clk_24mhz_IBUF
    BUFGCTRL_X0Y16       BUFG (Prop_bufg_I_O)         0.091    45.050 r  clk_24mhz_IBUF_BUFG_inst/O
                         net (fo=4073, routed)        1.436    46.486    system_wrapper/audit_events/audit_prf/clk_24mhz_IBUF_BUFG
    SLICE_X14Y25         FDRE                                         r  system_wrapper/audit_events/audit_prf/state_reg_reg[21]/C
                         clock pessimism              0.272    46.758    
                         clock uncertainty           -0.035    46.723    
    SLICE_X14Y25         FDRE (Setup_fdre_C_D)        0.077    46.800    system_wrapper/audit_events/audit_prf/state_reg_reg[21]
  -------------------------------------------------------------------
                         required time                         46.800    
                         arrival time                         -32.815    
  -------------------------------------------------------------------
                         slack                                 13.985    

Slack (MET) :             14.037ns  (required time - arrival time)
  Source:                 system_wrapper/audit_events/audit_prf/state_reg_reg[15]/C
                            (rising edge-triggered cell FDRE clocked by sys_clk  {rise@0.000ns fall@20.833ns period=41.667ns})
  Destination:            system_wrapper/audit_events/audit_prf/state_reg_reg[71]/D
                            (rising edge-triggered cell FDRE clocked by sys_clk  {rise@0.000ns fall@20.833ns period=41.667ns})
  Path Group:             sys_clk
  Path Type:              Setup (Max at Slow Process Corner)
  Requirement:            41.667ns  (sys_clk rise@41.667ns - sys_clk rise@0.000ns)
  Data Path Delay:        27.523ns  (logic 5.722ns (20.790%)  route 21.801ns (79.210%))
  Logic Levels:           20  (LUT2=2 LUT3=1 LUT4=4 LUT5=6 LUT6=7)
  Clock Path Skew:        -0.104ns (DCD - SCD + CPR)
    Destination Clock Delay (DCD):    4.821ns = ( 46.488 - 41.667 ) 
    Source Clock Delay      (SCD):    5.111ns
    Clock Pessimism Removal (CPR):    0.186ns
  Clock Uncertainty:      0.035ns  ((TSJ^2 + TIJ^2)^1/2 + DJ) / 2 + PE
    Total System Jitter     (TSJ):    0.071ns
    Total Input Jitter      (TIJ):    0.000ns
    Discrete Jitter          (DJ):    0.000ns
    Phase Error              (PE):    0.000ns

    Location             Delay type                Incr(ns)  Path(ns)    Netlist Resource(s)
  -------------------------------------------------------------------    -------------------
                         (clock sys_clk rise edge)    0.000     0.000 r  
    D13                                               0.000     0.000 r  clk_24mhz (IN)
                         net (fo=0)                   0.000     0.000    clk_24mhz
    D13                  IBUF (Prop_ibuf_I_O)         1.494     1.494 r  clk_24mhz_IBUF_inst/O
                         net (fo=1, routed)           1.972     3.466    clk_24mhz_IBUF
    BUFGCTRL_X0Y16       BUFG (Prop_bufg_I_O)         0.096     3.562 r  clk_24mhz_IBUF_BUFG_inst/O
                         net (fo=4073, routed)        1.549     5.111    system_wrapper/audit_events/audit_prf/clk_24mhz_IBUF_BUFG
    SLICE_X35Y27         FDRE                                         r  system_wrapper/audit_events/audit_prf/state_reg_reg[15]/C
  -------------------------------------------------------------------    -------------------
    SLICE_X35Y27         FDRE (Prop_fdre_C_Q)         0.456     5.567 f  system_wrapper/audit_events/audit_prf/state_reg_reg[15]/Q
                         net (fo=78, routed)          2.734     8.301    system_wrapper/audit_events/audit_prf/state_reg_reg_n_0_[15]
    SLICE_X38Y1          LUT4 (Prop_lut4_I3_O)        0.146     8.447 r  system_wrapper/audit_events/audit_prf/ciphertext[79]_i_112/O
                         net (fo=2, routed)           0.961     9.409    system_wrapper/audit_events/audit_prf/ciphertext[79]_i_112_n_0
    SLICE_X39Y4          LUT6 (Prop_lut6_I1_O)        0.328     9.737 r  system_wrapper/audit_events/audit_prf/ciphertext[79]_i_68/O
                         net (fo=34, routed)          0.957    10.694    system_wrapper/audit_events/audit_prf/ciphertext[79]_i_68_n_0
    SLICE_X43Y1          LUT5 (Prop_lut5_I4_O)        0.150    10.844 r  system_wrapper/audit_events/audit_prf/ciphertext[79]_i_43/O
                         net (fo=32, routed)          0.972    11.816    system_wrapper/audit_events/audit_prf/ciphertext[79]_i_43_n_0
    SLICE_X41Y3          LUT5 (Prop_lut5_I0_O)        0.354    12.170 r  system_wrapper/audit_events/audit_prf/ciphertext[78]_i_227/O
                         net (fo=1, routed)           0.813    12.983    system_wrapper/audit_events/audit_prf/ciphertext[78]_i_227_n_0
    SLICE_X41Y4          LUT6 (Prop_lut6_I1_O)        0.326    13.309 r  system_wrapper/audit_events/audit_prf/ciphertext[78]_i_177/O
                         net (fo=25, routed)          1.732    15.040    system_wrapper/audit_events/audit_prf/ciphertext[78]_i_177_n_0
    SLICE_X52Y1          LUT2 (Prop_lut2_I1_O)        0.152    15.192 r  system_wrapper/audit_events/audit_prf/ciphertext[78]_i_194/O
                         net (fo=8, routed)           0.854    16.047    system_wrapper/audit_events/audit_prf/ciphertext[78]_i_194_n_0
    SLICE_X52Y3          LUT6 (Prop_lut6_I0_O)        0.348    16.395 r  system_wrapper/audit_events/audit_prf/ciphertext[78]_i_179/O
                         net (fo=6, routed)           0.815    17.209    system_wrapper/audit_events/audit_prf/ciphertext[78]_i_179_n_0
    SLICE_X52Y4          LUT5 (Prop_lut5_I1_O)        0.152    17.361 r  system_wrapper/audit_events/audit_prf/ciphertext[78]_i_142/O
                         net (fo=8, routed)           1.088    18.449    system_wrapper/audit_events/audit_prf/ciphertext[78]_i_142_n_0
    SLICE_X54Y7          LUT3 (Prop_lut3_I2_O)        0.374    18.823 r  system_wrapper/audit_events/audit_prf/ciphertext[78]_i_97/O
                         net (fo=4, routed)           0.837    19.660    system_wrapper/audit_events/audit_prf/ciphertext[78]_i_97_n_0
    SLICE_X56Y6          LUT6 (Prop_lut6_I3_O)        0.328    19.988 r  system_wrapper/audit_events/audit_prf/ciphertext[78]_i_78/O
                         net (fo=24, routed)          1.199    21.187    system_wrapper/audit_events/audit_prf/ciphertext[78]_i_78_n_0
    SLICE_X50Y8          LUT5 (Prop_lut5_I4_O)        0.146    21.333 r  system_wrapper/audit_events/audit_prf/ciphertext[77]_i_29/O
                         net (fo=3, routed)           0.689    22.022    system_wrapper/audit_events/audit_prf/ciphertext[77]_i_29_n_0
    SLICE_X51Y8          LUT6 (Prop_lut6_I0_O)        0.328    22.350 r  system_wrapper/audit_events/audit_prf/ciphertext[77]_i_20/O
                         net (fo=15, routed)          1.261    23.610    system_wrapper/audit_events/audit_prf/ciphertext[77]_i_20_n_0
    SLICE_X46Y10         LUT2 (Prop_lut2_I0_O)        0.146    23.756 r  system_wrapper/audit_events/audit_prf/ciphertext[79]_i_55/O
                         net (fo=5, routed)           1.138    24.895    system_wrapper/audit_events/audit_prf/ciphertext[79]_i_55_n_0
    SLICE_X45Y10         LUT5 (Prop_lut5_I1_O)        0.354    25.249 r  system_wrapper/audit_events/audit_prf/ciphertext[75]_i_12/O
                         net (fo=4, routed)           0.785    26.034    system_wrapper/audit_events/audit_prf/ciphertext[75]_i_12_n_0
    SLICE_X45Y9          LUT4 (Prop_lut4_I3_O)        0.326    26.360 r  system_wrapper/audit_events/audit_prf/ciphertext[79]_i_28/O
                         net (fo=12, routed)          0.690    27.050    system_wrapper/audit_events/audit_prf/ciphertext[79]_i_28_n_0
    SLICE_X44Y8          LUT4 (Prop_lut4_I1_O)        0.150    27.200 r  system_wrapper/audit_events/audit_prf/ciphertext[79]_i_7/O
                         net (fo=3, routed)           1.138    28.338    system_wrapper/audit_events/audit_prf/ciphertext[79]_i_7_n_0
    SLICE_X43Y10         LUT6 (Prop_lut6_I0_O)        0.326    28.664 r  system_wrapper/audit_events/audit_prf/ciphertext[79]_i_3/O
                         net (fo=3, routed)           1.464    30.128    system_wrapper/audit_events/audit_prf/ciphertext[79]_i_3_n_0
    SLICE_X42Y26         LUT4 (Prop_lut4_I0_O)        0.150    30.278 r  system_wrapper/audit_events/audit_prf/ciphertext[79]_i_2/O
                         net (fo=4, routed)           1.038    31.316    system_wrapper/audit_events/audit_prf/ciphertext[79]_i_2_n_0
    SLICE_X45Y32         LUT5 (Prop_lut5_I4_O)        0.356    31.672 r  system_wrapper/audit_events/audit_prf/state_reg[95]_i_3/O
                         net (fo=3, routed)           0.636    32.308    system_wrapper/audit_events/audit_prf/state_reg[95]_i_3_n_0
    SLICE_X36Y31         LUT6 (Prop_lut6_I0_O)        0.326    32.634 r  system_wrapper/audit_events/audit_prf/state_reg[71]_i_1/O
                         net (fo=1, routed)           0.000    32.634    system_wrapper/audit_events/audit_prf/state_reg[71]_i_1_n_0
    SLICE_X36Y31         FDRE                                         r  system_wrapper/audit_events/audit_prf/state_reg_reg[71]/D
  -------------------------------------------------------------------    -------------------

                         (clock sys_clk rise edge)   41.667    41.667 r  
    D13                                               0.000    41.667 r  clk_24mhz (IN)
                         net (fo=0)                   0.000    41.667    clk_24mhz
    D13                  IBUF (Prop_ibuf_I_O)         1.424    43.091 r  clk_24mhz_IBUF_inst/O
                         net (fo=1, routed)           1.868    44.959    clk_24mhz_IBUF
    BUFGCTRL_X0Y16       BUFG (Prop_bufg_I_O)         0.091    45.050 r  clk_24mhz_IBUF_BUFG_inst/O
                         net (fo=4073, routed)        1.438    46.488    system_wrapper/audit_events/audit_prf/clk_24mhz_IBUF_BUFG
    SLICE_X36Y31         FDRE                                         r  system_wrapper/audit_events/audit_prf/state_reg_reg[71]/C
                         clock pessimism              0.186    46.674    
                         clock uncertainty           -0.035    46.639    
    SLICE_X36Y31         FDRE (Setup_fdre_C_D)        0.032    46.671    system_wrapper/audit_events/audit_prf/state_reg_reg[71]
  -------------------------------------------------------------------
                         required time                         46.671    
                         arrival time                         -32.634    
  -------------------------------------------------------------------
                         slack                                 14.037    

Slack (MET) :             14.061ns  (required time - arrival time)
  Source:                 system_wrapper/audit_events/audit_prf/state_reg_reg[15]/C
                            (rising edge-triggered cell FDRE clocked by sys_clk  {rise@0.000ns fall@20.833ns period=41.667ns})
  Destination:            system_wrapper/audit_events/audit_prf/state_reg_reg[79]/D
                            (rising edge-triggered cell FDRE clocked by sys_clk  {rise@0.000ns fall@20.833ns period=41.667ns})
  Path Group:             sys_clk
  Path Type:              Setup (Max at Slow Process Corner)
  Requirement:            41.667ns  (sys_clk rise@41.667ns - sys_clk rise@0.000ns)
  Data Path Delay:        27.499ns  (logic 5.490ns (19.964%)  route 22.009ns (80.036%))
  Logic Levels:           20  (LUT2=3 LUT3=1 LUT4=1 LUT5=8 LUT6=7)
  Clock Path Skew:        -0.103ns (DCD - SCD + CPR)
    Destination Clock Delay (DCD):    4.822ns = ( 46.489 - 41.667 ) 
    Source Clock Delay      (SCD):    5.111ns
    Clock Pessimism Removal (CPR):    0.186ns
  Clock Uncertainty:      0.035ns  ((TSJ^2 + TIJ^2)^1/2 + DJ) / 2 + PE
    Total System Jitter     (TSJ):    0.071ns
    Total Input Jitter      (TIJ):    0.000ns
    Discrete Jitter          (DJ):    0.000ns
    Phase Error              (PE):    0.000ns

    Location             Delay type                Incr(ns)  Path(ns)    Netlist Resource(s)
  -------------------------------------------------------------------    -------------------
                         (clock sys_clk rise edge)    0.000     0.000 r  
    D13                                               0.000     0.000 r  clk_24mhz (IN)
                         net (fo=0)                   0.000     0.000    clk_24mhz
    D13                  IBUF (Prop_ibuf_I_O)         1.494     1.494 r  clk_24mhz_IBUF_inst/O
                         net (fo=1, routed)           1.972     3.466    clk_24mhz_IBUF
    BUFGCTRL_X0Y16       BUFG (Prop_bufg_I_O)         0.096     3.562 r  clk_24mhz_IBUF_BUFG_inst/O
                         net (fo=4073, routed)        1.549     5.111    system_wrapper/audit_events/audit_prf/clk_24mhz_IBUF_BUFG
    SLICE_X35Y27         FDRE                                         r  system_wrapper/audit_events/audit_prf/state_reg_reg[15]/C
  -------------------------------------------------------------------    -------------------
    SLICE_X35Y27         FDRE (Prop_fdre_C_Q)         0.456     5.567 f  system_wrapper/audit_events/audit_prf/state_reg_reg[15]/Q
                         net (fo=78, routed)          2.734     8.301    system_wrapper/audit_events/audit_prf/state_reg_reg_n_0_[15]
    SLICE_X38Y1          LUT4 (Prop_lut4_I3_O)        0.146     8.447 r  system_wrapper/audit_events/audit_prf/ciphertext[79]_i_112/O
                         net (fo=2, routed)           0.961     9.409    system_wrapper/audit_events/audit_prf/ciphertext[79]_i_112_n_0
    SLICE_X39Y4          LUT6 (Prop_lut6_I1_O)        0.328     9.737 r  system_wrapper/audit_events/audit_prf/ciphertext[79]_i_68/O
                         net (fo=34, routed)          0.957    10.694    system_wrapper/audit_events/audit_prf/ciphertext[79]_i_68_n_0
    SLICE_X43Y1          LUT5 (Prop_lut5_I4_O)        0.150    10.844 r  system_wrapper/audit_events/audit_prf/ciphertext[79]_i_43/O
                         net (fo=32, routed)          0.972    11.816    system_wrapper/audit_events/audit_prf/ciphertext[79]_i_43_n_0
    SLICE_X41Y3          LUT5 (Prop_lut5_I0_O)        0.354    12.170 r  system_wrapper/audit_events/audit_prf/ciphertext[78]_i_227/O
                         net (fo=1, routed)           0.813    12.983    system_wrapper/audit_events/audit_prf/ciphertext[78]_i_227_n_0
    SLICE_X41Y4          LUT6 (Prop_lut6_I1_O)        0.326    13.309 r  system_wrapper/audit_events/audit_prf/ciphertext[78]_i_177/O
                         net (fo=25, routed)          1.732    15.040    system_wrapper/audit_events/audit_prf/ciphertext[78]_i_177_n_0
    SLICE_X52Y1          LUT2 (Prop_lut2_I1_O)        0.152    15.192 r  system_wrapper/audit_events/audit_prf/ciphertext[78]_i_194/O
                         net (fo=8, routed)           0.854    16.047    system_wrapper/audit_events/audit_prf/ciphertext[78]_i_194_n_0
    SLICE_X52Y3          LUT6 (Prop_lut6_I0_O)        0.348    16.395 r  system_wrapper/audit_events/audit_prf/ciphertext[78]_i_179/O
                         net (fo=6, routed)           0.815    17.209    system_wrapper/audit_events/audit_prf/ciphertext[78]_i_179_n_0
    SLICE_X52Y4          LUT5 (Prop_lut5_I1_O)        0.152    17.361 r  system_wrapper/audit_events/audit_prf/ciphertext[78]_i_142/O
                         net (fo=8, routed)           1.088    18.449    system_wrapper/audit_events/audit_prf/ciphertext[78]_i_142_n_0
    SLICE_X54Y7          LUT3 (Prop_lut3_I2_O)        0.374    18.823 r  system_wrapper/audit_events/audit_prf/ciphertext[78]_i_97/O
                         net (fo=4, routed)           0.837    19.660    system_wrapper/audit_events/audit_prf/ciphertext[78]_i_97_n_0
    SLICE_X56Y6          LUT6 (Prop_lut6_I3_O)        0.328    19.988 r  system_wrapper/audit_events/audit_prf/ciphertext[78]_i_78/O
                         net (fo=24, routed)          1.199    21.187    system_wrapper/audit_events/audit_prf/ciphertext[78]_i_78_n_0
    SLICE_X50Y8          LUT5 (Prop_lut5_I4_O)        0.146    21.333 r  system_wrapper/audit_events/audit_prf/ciphertext[77]_i_29/O
                         net (fo=3, routed)           0.689    22.022    system_wrapper/audit_events/audit_prf/ciphertext[77]_i_29_n_0
    SLICE_X51Y8          LUT6 (Prop_lut6_I0_O)        0.328    22.350 r  system_wrapper/audit_events/audit_prf/ciphertext[77]_i_20/O
                         net (fo=15, routed)          1.261    23.610    system_wrapper/audit_events/audit_prf/ciphertext[77]_i_20_n_0
    SLICE_X46Y10         LUT2 (Prop_lut2_I0_O)        0.146    23.756 r  system_wrapper/audit_events/audit_prf/ciphertext[79]_i_55/O
                         net (fo=5, routed)           1.138    24.895    system_wrapper/audit_events/audit_prf/ciphertext[79]_i_55_n_0
    SLICE_X45Y10         LUT5 (Prop_lut5_I1_O)        0.354    25.249 r  system_wrapper/audit_events/audit_prf/ciphertext[75]_i_12/O
                         net (fo=4, routed)           0.785    26.034    system_wrapper/audit_events/audit_prf/ciphertext[75]_i_12_n_0
    SLICE_X45Y9          LUT5 (Prop_lut5_I0_O)        0.352    26.386 r  system_wrapper/audit_events/audit_prf/ciphertext[79]_i_36/O
                         net (fo=6, routed)           1.010    27.395    system_wrapper/audit_events/audit_prf/ciphertext[79]_i_36_n_0
    SLICE_X42Y9          LUT5 (Prop_lut5_I1_O)        0.326    27.721 r  system_wrapper/audit_events/audit_prf/ciphertext[78]_i_7/O
                         net (fo=1, routed)           0.951    28.672    system_wrapper/audit_events/audit_prf/ciphertext[78]_i_7_n_0
    SLICE_X42Y9          LUT6 (Prop_lut6_I0_O)        0.124    28.796 r  system_wrapper/audit_events/audit_prf/ciphertext[78]_i_4/O
                         net (fo=9, routed)           1.645    30.441    system_wrapper/audit_events/audit_prf/ciphertext[78]_i_4_n_0
    SLICE_X44Y26         LUT5 (Prop_lut5_I3_O)        0.124    30.565 r  system_wrapper/audit_events/audit_prf/ciphertext[78]_i_2/O
                         net (fo=3, routed)           0.876    31.441    system_wrapper/audit_events/audit_prf/ciphertext[78]_i_2_n_0
    SLICE_X43Y30         LUT2 (Prop_lut2_I0_O)        0.150    31.591 r  system_wrapper/audit_events/audit_prf/state_reg[79]_i_2/O
                         net (fo=1, routed)           0.693    32.284    system_wrapper/audit_events/audit_prf/state_reg[79]_i_2_n_0
    SLICE_X43Y30         LUT6 (Prop_lut6_I0_O)        0.326    32.610 r  system_wrapper/audit_events/audit_prf/state_reg[79]_i_1/O
                         net (fo=1, routed)           0.000    32.610    system_wrapper/audit_events/audit_prf/state_reg[79]_i_1_n_0
    SLICE_X43Y30         FDRE                                         r  system_wrapper/audit_events/audit_prf/state_reg_reg[79]/D
  -------------------------------------------------------------------    -------------------

                         (clock sys_clk rise edge)   41.667    41.667 r  
    D13                                               0.000    41.667 r  clk_24mhz (IN)
                         net (fo=0)                   0.000    41.667    clk_24mhz
    D13                  IBUF (Prop_ibuf_I_O)         1.424    43.091 r  clk_24mhz_IBUF_inst/O
                         net (fo=1, routed)           1.868    44.959    clk_24mhz_IBUF
    BUFGCTRL_X0Y16       BUFG (Prop_bufg_I_O)         0.091    45.050 r  clk_24mhz_IBUF_BUFG_inst/O
                         net (fo=4073, routed)        1.439    46.489    system_wrapper/audit_events/audit_prf/clk_24mhz_IBUF_BUFG
    SLICE_X43Y30         FDRE                                         r  system_wrapper/audit_events/audit_prf/state_reg_reg[79]/C
                         clock pessimism              0.186    46.675    
                         clock uncertainty           -0.035    46.640    
    SLICE_X43Y30         FDRE (Setup_fdre_C_D)        0.031    46.671    system_wrapper/audit_events/audit_prf/state_reg_reg[79]
  -------------------------------------------------------------------
                         required time                         46.671    
                         arrival time                         -32.610    
  -------------------------------------------------------------------
                         slack                                 14.061    





Min Delay Paths
--------------------------------------------------------------------------------------
Slack (MET) :             0.028ns  (arrival time - required time)
  Source:                 system_wrapper/peripherals/audit/record_data_reg[43]/C
                            (rising edge-triggered cell FDRE clocked by sys_clk  {rise@0.000ns fall@20.833ns period=41.667ns})
  Destination:            system_wrapper/peripherals/audit/chain_head_reg[43]/D
                            (rising edge-triggered cell FDRE clocked by sys_clk  {rise@0.000ns fall@20.833ns period=41.667ns})
  Path Group:             sys_clk
  Path Type:              Hold (Min at Fast Process Corner)
  Requirement:            0.000ns  (sys_clk rise@0.000ns - sys_clk rise@0.000ns)
  Data Path Delay:        0.298ns  (logic 0.128ns (42.910%)  route 0.170ns (57.090%))
  Logic Levels:           0  
  Clock Path Skew:        0.260ns (DCD - SCD - CPR)
    Destination Clock Delay (DCD):    1.987ns
    Source Clock Delay      (SCD):    1.477ns
    Clock Pessimism Removal (CPR):    0.251ns

    Location             Delay type                Incr(ns)  Path(ns)    Netlist Resource(s)
  -------------------------------------------------------------------    -------------------
                         (clock sys_clk rise edge)    0.000     0.000 r  
    D13                                               0.000     0.000 r  clk_24mhz (IN)
                         net (fo=0)                   0.000     0.000    clk_24mhz
    D13                  IBUF (Prop_ibuf_I_O)         0.262     0.262 r  clk_24mhz_IBUF_inst/O
                         net (fo=1, routed)           0.634     0.896    clk_24mhz_IBUF
    BUFGCTRL_X0Y16       BUFG (Prop_bufg_I_O)         0.026     0.922 r  clk_24mhz_IBUF_BUFG_inst/O
                         net (fo=4073, routed)        0.555     1.477    system_wrapper/peripherals/audit/clk_24mhz_IBUF_BUFG
    SLICE_X36Y27         FDRE                                         r  system_wrapper/peripherals/audit/record_data_reg[43]/C
  -------------------------------------------------------------------    -------------------
    SLICE_X36Y27         FDRE (Prop_fdre_C_Q)         0.128     1.605 r  system_wrapper/peripherals/audit/record_data_reg[43]/Q
                         net (fo=2, routed)           0.170     1.775    system_wrapper/peripherals/audit/Q[43]
    SLICE_X34Y27         FDRE                                         r  system_wrapper/peripherals/audit/chain_head_reg[43]/D
  -------------------------------------------------------------------    -------------------

                         (clock sys_clk rise edge)    0.000     0.000 r  
    D13                                               0.000     0.000 r  clk_24mhz (IN)
                         net (fo=0)                   0.000     0.000    clk_24mhz
    D13                  IBUF (Prop_ibuf_I_O)         0.450     0.450 r  clk_24mhz_IBUF_inst/O
                         net (fo=1, routed)           0.689     1.139    clk_24mhz_IBUF
    BUFGCTRL_X0Y16       BUFG (Prop_bufg_I_O)         0.029     1.168 r  clk_24mhz_IBUF_BUFG_inst/O
                         net (fo=4073, routed)        0.820     1.987    system_wrapper/peripherals/audit/clk_24mhz_IBUF_BUFG
    SLICE_X34Y27         FDRE                                         r  system_wrapper/peripherals/audit/chain_head_reg[43]/C
                         clock pessimism             -0.251     1.737    
    SLICE_X34Y27         FDRE (Hold_fdre_C_D)         0.010     1.747    system_wrapper/peripherals/audit/chain_head_reg[43]
  -------------------------------------------------------------------
                         required time                         -1.747    
                         arrival time                           1.775    
  -------------------------------------------------------------------
                         slack                                  0.028    

Slack (MET) :             0.028ns  (arrival time - required time)
  Source:                 system_wrapper/peripherals/pmod_telemetry/sequence_reg_reg[7]/C
                            (rising edge-triggered cell FDRE clocked by sys_clk  {rise@0.000ns fall@20.833ns period=41.667ns})
  Destination:            system_wrapper/peripherals/pmod_telemetry/uart_data_reg[7]/D
                            (rising edge-triggered cell FDRE clocked by sys_clk  {rise@0.000ns fall@20.833ns period=41.667ns})
  Path Group:             sys_clk
  Path Type:              Hold (Min at Fast Process Corner)
  Requirement:            0.000ns  (sys_clk rise@0.000ns - sys_clk rise@0.000ns)
  Data Path Delay:        0.396ns  (logic 0.248ns (62.571%)  route 0.148ns (37.429%))
  Logic Levels:           2  (LUT6=1 MUXF7=1)
  Clock Path Skew:        0.263ns (DCD - SCD - CPR)
    Destination Clock Delay (DCD):    2.000ns
    Source Clock Delay      (SCD):    1.487ns
    Clock Pessimism Removal (CPR):    0.251ns

    Location             Delay type                Incr(ns)  Path(ns)    Netlist Resource(s)
  -------------------------------------------------------------------    -------------------
                         (clock sys_clk rise edge)    0.000     0.000 r  
    D13                                               0.000     0.000 r  clk_24mhz (IN)
                         net (fo=0)                   0.000     0.000    clk_24mhz
    D13                  IBUF (Prop_ibuf_I_O)         0.262     0.262 r  clk_24mhz_IBUF_inst/O
                         net (fo=1, routed)           0.634     0.896    clk_24mhz_IBUF
    BUFGCTRL_X0Y16       BUFG (Prop_bufg_I_O)         0.026     0.922 r  clk_24mhz_IBUF_BUFG_inst/O
                         net (fo=4073, routed)        0.565     1.487    system_wrapper/peripherals/pmod_telemetry/clk_24mhz_IBUF_BUFG
    SLICE_X37Y43         FDRE                                         r  system_wrapper/peripherals/pmod_telemetry/sequence_reg_reg[7]/C
  -------------------------------------------------------------------    -------------------
    SLICE_X37Y43         FDRE (Prop_fdre_C_Q)         0.141     1.628 r  system_wrapper/peripherals/pmod_telemetry/sequence_reg_reg[7]/Q
                         net (fo=1, routed)           0.148     1.776    system_wrapper/peripherals/pmod_telemetry/sequence_reg[7]
    SLICE_X35Y43         LUT6 (Prop_lut6_I4_O)        0.045     1.821 r  system_wrapper/peripherals/pmod_telemetry/uart_data[7]_i_3/O
                         net (fo=1, routed)           0.000     1.821    system_wrapper/peripherals/pmod_telemetry/uart_data[7]_i_3_n_0
    SLICE_X35Y43         MUXF7 (Prop_muxf7_I0_O)      0.062     1.883 r  system_wrapper/peripherals/pmod_telemetry/uart_data_reg[7]_i_2/O
                         net (fo=1, routed)           0.000     1.883    system_wrapper/peripherals/pmod_telemetry/payload_byte[7]
    SLICE_X35Y43         FDRE                                         r  system_wrapper/peripherals/pmod_telemetry/uart_data_reg[7]/D
  -------------------------------------------------------------------    -------------------

                         (clock sys_clk rise edge)    0.000     0.000 r  
    D13                                               0.000     0.000 r  clk_24mhz (IN)
                         net (fo=0)                   0.000     0.000    clk_24mhz
    D13                  IBUF (Prop_ibuf_I_O)         0.450     0.450 r  clk_24mhz_IBUF_inst/O
                         net (fo=1, routed)           0.689     1.139    clk_24mhz_IBUF
    BUFGCTRL_X0Y16       BUFG (Prop_bufg_I_O)         0.029     1.168 r  clk_24mhz_IBUF_BUFG_inst/O
                         net (fo=4073, routed)        0.833     2.000    system_wrapper/peripherals/pmod_telemetry/clk_24mhz_IBUF_BUFG
    SLICE_X35Y43         FDRE                                         r  system_wrapper/peripherals/pmod_telemetry/uart_data_reg[7]/C
                         clock pessimism             -0.251     1.750    
    SLICE_X35Y43         FDRE (Hold_fdre_C_D)         0.105     1.855    system_wrapper/peripherals/pmod_telemetry/uart_data_reg[7]
  -------------------------------------------------------------------
                         required time                         -1.855    
                         arrival time                           1.883    
  -------------------------------------------------------------------
                         slack                                  0.028    

Slack (MET) :             0.030ns  (arrival time - required time)
  Source:                 system_wrapper/peripherals/audit/record_data_reg[97]/C
                            (rising edge-triggered cell FDRE clocked by sys_clk  {rise@0.000ns fall@20.833ns period=41.667ns})
  Destination:            system_wrapper/peripherals/audit/chain_head_reg[97]/D
                            (rising edge-triggered cell FDRE clocked by sys_clk  {rise@0.000ns fall@20.833ns period=41.667ns})
  Path Group:             sys_clk
  Path Type:              Hold (Min at Fast Process Corner)
  Requirement:            0.000ns  (sys_clk rise@0.000ns - sys_clk rise@0.000ns)
  Data Path Delay:        0.367ns  (logic 0.141ns (38.411%)  route 0.226ns (61.589%))
  Logic Levels:           0  
  Clock Path Skew:        0.261ns (DCD - SCD - CPR)
    Destination Clock Delay (DCD):    1.994ns
    Source Clock Delay      (SCD):    1.483ns
    Clock Pessimism Removal (CPR):    0.251ns

    Location             Delay type                Incr(ns)  Path(ns)    Netlist Resource(s)
  -------------------------------------------------------------------    -------------------
                         (clock sys_clk rise edge)    0.000     0.000 r  
    D13                                               0.000     0.000 r  clk_24mhz (IN)
                         net (fo=0)                   0.000     0.000    clk_24mhz
    D13                  IBUF (Prop_ibuf_I_O)         0.262     0.262 r  clk_24mhz_IBUF_inst/O
                         net (fo=1, routed)           0.634     0.896    clk_24mhz_IBUF
    BUFGCTRL_X0Y16       BUFG (Prop_bufg_I_O)         0.026     0.922 r  clk_24mhz_IBUF_BUFG_inst/O
                         net (fo=4073, routed)        0.561     1.483    system_wrapper/peripherals/audit/clk_24mhz_IBUF_BUFG
    SLICE_X32Y35         FDRE                                         r  system_wrapper/peripherals/audit/record_data_reg[97]/C
  -------------------------------------------------------------------    -------------------
    SLICE_X32Y35         FDRE (Prop_fdre_C_Q)         0.141     1.624 r  system_wrapper/peripherals/audit/record_data_reg[97]/Q
                         net (fo=2, routed)           0.226     1.850    system_wrapper/peripherals/audit/Q[97]
    SLICE_X37Y33         FDRE                                         r  system_wrapper/peripherals/audit/chain_head_reg[97]/D
  -------------------------------------------------------------------    -------------------

                         (clock sys_clk rise edge)    0.000     0.000 r  
    D13                                               0.000     0.000 r  clk_24mhz (IN)
                         net (fo=0)                   0.000     0.000    clk_24mhz
    D13                  IBUF (Prop_ibuf_I_O)         0.450     0.450 r  clk_24mhz_IBUF_inst/O
                         net (fo=1, routed)           0.689     1.139    clk_24mhz_IBUF
    BUFGCTRL_X0Y16       BUFG (Prop_bufg_I_O)         0.029     1.168 r  clk_24mhz_IBUF_BUFG_inst/O
                         net (fo=4073, routed)        0.827     1.994    system_wrapper/peripherals/audit/clk_24mhz_IBUF_BUFG
    SLICE_X37Y33         FDRE                                         r  system_wrapper/peripherals/audit/chain_head_reg[97]/C
                         clock pessimism             -0.251     1.744    
    SLICE_X37Y33         FDRE (Hold_fdre_C_D)         0.076     1.820    system_wrapper/peripherals/audit/chain_head_reg[97]
  -------------------------------------------------------------------
                         required time                         -1.820    
                         arrival time                           1.850    
  -------------------------------------------------------------------
                         slack                                  0.030    

Slack (MET) :             0.035ns  (arrival time - required time)
  Source:                 system_wrapper/security_core/cpu/cpu/mem_wdata_reg[11]/C
                            (rising edge-triggered cell FDRE clocked by sys_clk  {rise@0.000ns fall@20.833ns period=41.667ns})
  Destination:            system_wrapper/security_core/memory/memory_reg/DIADI[11]
                            (rising edge-triggered cell RAMB36E1 clocked by sys_clk  {rise@0.000ns fall@20.833ns period=41.667ns})
  Path Group:             sys_clk
  Path Type:              Hold (Min at Fast Process Corner)
  Requirement:            0.000ns  (sys_clk rise@0.000ns - sys_clk rise@0.000ns)
  Data Path Delay:        0.249ns  (logic 0.141ns (56.669%)  route 0.108ns (43.331%))
  Logic Levels:           0  
  Clock Path Skew:        0.058ns (DCD - SCD - CPR)
    Destination Clock Delay (DCD):    2.042ns
    Source Clock Delay      (SCD):    1.484ns
    Clock Pessimism Removal (CPR):    0.499ns

    Location             Delay type                Incr(ns)  Path(ns)    Netlist Resource(s)
  -------------------------------------------------------------------    -------------------
                         (clock sys_clk rise edge)    0.000     0.000 r  
    D13                                               0.000     0.000 r  clk_24mhz (IN)
                         net (fo=0)                   0.000     0.000    clk_24mhz
    D13                  IBUF (Prop_ibuf_I_O)         0.262     0.262 r  clk_24mhz_IBUF_inst/O
                         net (fo=1, routed)           0.634     0.896    clk_24mhz_IBUF
    BUFGCTRL_X0Y16       BUFG (Prop_bufg_I_O)         0.026     0.922 r  clk_24mhz_IBUF_BUFG_inst/O
                         net (fo=4073, routed)        0.562     1.484    system_wrapper/security_core/cpu/cpu/clk_24mhz_IBUF_BUFG
    SLICE_X49Y54         FDRE                                         r  system_wrapper/security_core/cpu/cpu/mem_wdata_reg[11]/C
  -------------------------------------------------------------------    -------------------
    SLICE_X49Y54         FDRE (Prop_fdre_C_Q)         0.141     1.625 r  system_wrapper/security_core/cpu/cpu/mem_wdata_reg[11]/Q
                         net (fo=1, routed)           0.108     1.733    system_wrapper/security_core/memory/mem_wdata[11]
    RAMB36_X1Y10         RAMB36E1                                     r  system_wrapper/security_core/memory/memory_reg/DIADI[11]
  -------------------------------------------------------------------    -------------------

                         (clock sys_clk rise edge)    0.000     0.000 r  
    D13                                               0.000     0.000 r  clk_24mhz (IN)
                         net (fo=0)                   0.000     0.000    clk_24mhz
    D13                  IBUF (Prop_ibuf_I_O)         0.450     0.450 r  clk_24mhz_IBUF_inst/O
                         net (fo=1, routed)           0.689     1.139    clk_24mhz_IBUF
    BUFGCTRL_X0Y16       BUFG (Prop_bufg_I_O)         0.029     1.168 r  clk_24mhz_IBUF_BUFG_inst/O
                         net (fo=4073, routed)        0.874     2.042    system_wrapper/security_core/memory/clk_24mhz_IBUF_BUFG
    RAMB36_X1Y10         RAMB36E1                                     r  system_wrapper/security_core/memory/memory_reg/CLKARDCLK
                         clock pessimism             -0.499     1.542    
    RAMB36_X1Y10         RAMB36E1 (Hold_ramb36e1_CLKARDCLK_DIADI[11])
                                                      0.155     1.697    system_wrapper/security_core/memory/memory_reg
  -------------------------------------------------------------------
                         required time                         -1.697    
                         arrival time                           1.733    
  -------------------------------------------------------------------
                         slack                                  0.035    

Slack (MET) :             0.038ns  (arrival time - required time)
  Source:                 system_wrapper/peripherals/audit/record_data_reg[66]/C
                            (rising edge-triggered cell FDRE clocked by sys_clk  {rise@0.000ns fall@20.833ns period=41.667ns})
  Destination:            system_wrapper/peripherals/audit/chain_head_reg[66]/D
                            (rising edge-triggered cell FDRE clocked by sys_clk  {rise@0.000ns fall@20.833ns period=41.667ns})
  Path Group:             sys_clk
  Path Type:              Hold (Min at Fast Process Corner)
  Requirement:            0.000ns  (sys_clk rise@0.000ns - sys_clk rise@0.000ns)
  Data Path Delay:        0.308ns  (logic 0.128ns (41.587%)  route 0.180ns (58.413%))
  Logic Levels:           0  
  Clock Path Skew:        0.260ns (DCD - SCD - CPR)
    Destination Clock Delay (DCD):    1.987ns
    Source Clock Delay      (SCD):    1.477ns
    Clock Pessimism Removal (CPR):    0.251ns

    Location             Delay type                Incr(ns)  Path(ns)    Netlist Resource(s)
  -------------------------------------------------------------------    -------------------
                         (clock sys_clk rise edge)    0.000     0.000 r  
    D13                                               0.000     0.000 r  clk_24mhz (IN)
                         net (fo=0)                   0.000     0.000    clk_24mhz
    D13                  IBUF (Prop_ibuf_I_O)         0.262     0.262 r  clk_24mhz_IBUF_inst/O
                         net (fo=1, routed)           0.634     0.896    clk_24mhz_IBUF
    BUFGCTRL_X0Y16       BUFG (Prop_bufg_I_O)         0.026     0.922 r  clk_24mhz_IBUF_BUFG_inst/O
                         net (fo=4073, routed)        0.555     1.477    system_wrapper/peripherals/audit/clk_24mhz_IBUF_BUFG
    SLICE_X36Y27         FDRE                                         r  system_wrapper/peripherals/audit/record_data_reg[66]/C
  -------------------------------------------------------------------    -------------------
    SLICE_X36Y27         FDRE (Prop_fdre_C_Q)         0.128     1.605 r  system_wrapper/peripherals/audit/record_data_reg[66]/Q
                         net (fo=2, routed)           0.180     1.784    system_wrapper/peripherals/audit/Q[66]
    SLICE_X34Y27         FDRE                                         r  system_wrapper/peripherals/audit/chain_head_reg[66]/D
  -------------------------------------------------------------------    -------------------

                         (clock sys_clk rise edge)    0.000     0.000 r  
    D13                                               0.000     0.000 r  clk_24mhz (IN)
                         net (fo=0)                   0.000     0.000    clk_24mhz
    D13                  IBUF (Prop_ibuf_I_O)         0.450     0.450 r  clk_24mhz_IBUF_inst/O
                         net (fo=1, routed)           0.689     1.139    clk_24mhz_IBUF
    BUFGCTRL_X0Y16       BUFG (Prop_bufg_I_O)         0.029     1.168 r  clk_24mhz_IBUF_BUFG_inst/O
                         net (fo=4073, routed)        0.820     1.987    system_wrapper/peripherals/audit/clk_24mhz_IBUF_BUFG
    SLICE_X34Y27         FDRE                                         r  system_wrapper/peripherals/audit/chain_head_reg[66]/C
                         clock pessimism             -0.251     1.737    
    SLICE_X34Y27         FDRE (Hold_fdre_C_D)         0.010     1.747    system_wrapper/peripherals/audit/chain_head_reg[66]
  -------------------------------------------------------------------
                         required time                         -1.747    
                         arrival time                           1.784    
  -------------------------------------------------------------------
                         slack                                  0.038    

Slack (MET) :             0.044ns  (arrival time - required time)
  Source:                 system_wrapper/security_core/cpu/cpu/mem_wdata_reg[4]/C
                            (rising edge-triggered cell FDRE clocked by sys_clk  {rise@0.000ns fall@20.833ns period=41.667ns})
  Destination:            system_wrapper/security_core/cpu_bus/cpu_command_opcode_reg[4]/D
                            (rising edge-triggered cell FDRE clocked by sys_clk  {rise@0.000ns fall@20.833ns period=41.667ns})
  Path Group:             sys_clk
  Path Type:              Hold (Min at Fast Process Corner)
  Requirement:            0.000ns  (sys_clk rise@0.000ns - sys_clk rise@0.000ns)
  Data Path Delay:        0.384ns  (logic 0.141ns (36.674%)  route 0.243ns (63.326%))
  Logic Levels:           0  
  Clock Path Skew:        0.275ns (DCD - SCD - CPR)
    Destination Clock Delay (DCD):    2.005ns
    Source Clock Delay      (SCD):    1.485ns
    Clock Pessimism Removal (CPR):    0.246ns

    Location             Delay type                Incr(ns)  Path(ns)    Netlist Resource(s)
  -------------------------------------------------------------------    -------------------
                         (clock sys_clk rise edge)    0.000     0.000 r  
    D13                                               0.000     0.000 r  clk_24mhz (IN)
                         net (fo=0)                   0.000     0.000    clk_24mhz
    D13                  IBUF (Prop_ibuf_I_O)         0.262     0.262 r  clk_24mhz_IBUF_inst/O
                         net (fo=1, routed)           0.634     0.896    clk_24mhz_IBUF
    BUFGCTRL_X0Y16       BUFG (Prop_bufg_I_O)         0.026     0.922 r  clk_24mhz_IBUF_BUFG_inst/O
                         net (fo=4073, routed)        0.563     1.485    system_wrapper/security_core/cpu/cpu/clk_24mhz_IBUF_BUFG
    SLICE_X49Y50         FDRE                                         r  system_wrapper/security_core/cpu/cpu/mem_wdata_reg[4]/C
  -------------------------------------------------------------------    -------------------
    SLICE_X49Y50         FDRE (Prop_fdre_C_Q)         0.141     1.626 r  system_wrapper/security_core/cpu/cpu/mem_wdata_reg[4]/Q
                         net (fo=2, routed)           0.243     1.869    system_wrapper/security_core/cpu_bus/mem_wdata[4]
    SLICE_X49Y44         FDRE                                         r  system_wrapper/security_core/cpu_bus/cpu_command_opcode_reg[4]/D
  -------------------------------------------------------------------    -------------------

                         (clock sys_clk rise edge)    0.000     0.000 r  
    D13                                               0.000     0.000 r  clk_24mhz (IN)
                         net (fo=0)                   0.000     0.000    clk_24mhz
    D13                  IBUF (Prop_ibuf_I_O)         0.450     0.450 r  clk_24mhz_IBUF_inst/O
                         net (fo=1, routed)           0.689     1.139    clk_24mhz_IBUF
    BUFGCTRL_X0Y16       BUFG (Prop_bufg_I_O)         0.029     1.168 r  clk_24mhz_IBUF_BUFG_inst/O
                         net (fo=4073, routed)        0.838     2.005    system_wrapper/security_core/cpu_bus/clk_24mhz_IBUF_BUFG
    SLICE_X49Y44         FDRE                                         r  system_wrapper/security_core/cpu_bus/cpu_command_opcode_reg[4]/C
                         clock pessimism             -0.246     1.760    
    SLICE_X49Y44         FDRE (Hold_fdre_C_D)         0.066     1.826    system_wrapper/security_core/cpu_bus/cpu_command_opcode_reg[4]
  -------------------------------------------------------------------
                         required time                         -1.826    
                         arrival time                           1.869    
  -------------------------------------------------------------------
                         slack                                  0.044    

Slack (MET) :             0.048ns  (arrival time - required time)
  Source:                 system_wrapper/audit_events/audit_digest_reg[114]/C
                            (rising edge-triggered cell FDRE clocked by sys_clk  {rise@0.000ns fall@20.833ns period=41.667ns})
  Destination:            system_wrapper/peripherals/audit/record_data_reg[114]/D
                            (rising edge-triggered cell FDRE clocked by sys_clk  {rise@0.000ns fall@20.833ns period=41.667ns})
  Path Group:             sys_clk
  Path Type:              Hold (Min at Fast Process Corner)
  Requirement:            0.000ns  (sys_clk rise@0.000ns - sys_clk rise@0.000ns)
  Data Path Delay:        0.402ns  (logic 0.186ns (46.219%)  route 0.216ns (53.781%))
  Logic Levels:           1  (LUT2=1)
  Clock Path Skew:        0.263ns (DCD - SCD - CPR)
    Destination Clock Delay (DCD):    1.996ns
    Source Clock Delay      (SCD):    1.483ns
    Clock Pessimism Removal (CPR):    0.251ns

    Location             Delay type                Incr(ns)  Path(ns)    Netlist Resource(s)
  -------------------------------------------------------------------    -------------------
                         (clock sys_clk rise edge)    0.000     0.000 r  
    D13                                               0.000     0.000 r  clk_24mhz (IN)
                         net (fo=0)                   0.000     0.000    clk_24mhz
    D13                  IBUF (Prop_ibuf_I_O)         0.262     0.262 r  clk_24mhz_IBUF_inst/O
                         net (fo=1, routed)           0.634     0.896    clk_24mhz_IBUF
    BUFGCTRL_X0Y16       BUFG (Prop_bufg_I_O)         0.026     0.922 r  clk_24mhz_IBUF_BUFG_inst/O
                         net (fo=4073, routed)        0.561     1.483    system_wrapper/audit_events/clk_24mhz_IBUF_BUFG
    SLICE_X36Y34         FDRE                                         r  system_wrapper/audit_events/audit_digest_reg[114]/C
  -------------------------------------------------------------------    -------------------
    SLICE_X36Y34         FDRE (Prop_fdre_C_Q)         0.141     1.624 r  system_wrapper/audit_events/audit_digest_reg[114]/Q
                         net (fo=1, routed)           0.216     1.840    system_wrapper/audit_events/generated_audit_digest[114]
    SLICE_X32Y35         LUT2 (Prop_lut2_I0_O)        0.045     1.885 r  system_wrapper/audit_events/record_data[114]_i_1/O
                         net (fo=1, routed)           0.000     1.885    system_wrapper/peripherals/audit/record_data_reg[248]_1[114]
    SLICE_X32Y35         FDRE                                         r  system_wrapper/peripherals/audit/record_data_reg[114]/D
  -------------------------------------------------------------------    -------------------

                         (clock sys_clk rise edge)    0.000     0.000 r  
    D13                                               0.000     0.000 r  clk_24mhz (IN)
                         net (fo=0)                   0.000     0.000    clk_24mhz
    D13                  IBUF (Prop_ibuf_I_O)         0.450     0.450 r  clk_24mhz_IBUF_inst/O
                         net (fo=1, routed)           0.689     1.139    clk_24mhz_IBUF
    BUFGCTRL_X0Y16       BUFG (Prop_bufg_I_O)         0.029     1.168 r  clk_24mhz_IBUF_BUFG_inst/O
                         net (fo=4073, routed)        0.829     1.996    system_wrapper/peripherals/audit/clk_24mhz_IBUF_BUFG
    SLICE_X32Y35         FDRE                                         r  system_wrapper/peripherals/audit/record_data_reg[114]/C
                         clock pessimism             -0.251     1.746    
    SLICE_X32Y35         FDRE (Hold_fdre_C_D)         0.091     1.837    system_wrapper/peripherals/audit/record_data_reg[114]
  -------------------------------------------------------------------
                         required time                         -1.837    
                         arrival time                           1.885    
  -------------------------------------------------------------------
                         slack                                  0.048    

Slack (MET) :             0.049ns  (arrival time - required time)
  Source:                 system_wrapper/security_core/cpu/cpu/pcpi_div/quotient_msk_reg[11]/C
                            (rising edge-triggered cell FDRE clocked by sys_clk  {rise@0.000ns fall@20.833ns period=41.667ns})
  Destination:            system_wrapper/security_core/cpu/cpu/pcpi_div/quotient_reg[11]/D
                            (rising edge-triggered cell FDRE clocked by sys_clk  {rise@0.000ns fall@20.833ns period=41.667ns})
  Path Group:             sys_clk
  Path Type:              Hold (Min at Fast Process Corner)
  Requirement:            0.000ns  (sys_clk rise@0.000ns - sys_clk rise@0.000ns)
  Data Path Delay:        0.417ns  (logic 0.186ns (44.650%)  route 0.231ns (55.350%))
  Logic Levels:           1  (LUT2=1)
  Clock Path Skew:        0.277ns (DCD - SCD - CPR)
    Destination Clock Delay (DCD):    2.036ns
    Source Clock Delay      (SCD):    1.514ns
    Clock Pessimism Removal (CPR):    0.246ns

    Location             Delay type                Incr(ns)  Path(ns)    Netlist Resource(s)
  -------------------------------------------------------------------    -------------------
                         (clock sys_clk rise edge)    0.000     0.000 r  
    D13                                               0.000     0.000 r  clk_24mhz (IN)
                         net (fo=0)                   0.000     0.000    clk_24mhz
    D13                  IBUF (Prop_ibuf_I_O)         0.262     0.262 r  clk_24mhz_IBUF_inst/O
                         net (fo=1, routed)           0.634     0.896    clk_24mhz_IBUF
    BUFGCTRL_X0Y16       BUFG (Prop_bufg_I_O)         0.026     0.922 r  clk_24mhz_IBUF_BUFG_inst/O
                         net (fo=4073, routed)        0.592     1.514    system_wrapper/security_core/cpu/cpu/pcpi_div/clk_24mhz_IBUF_BUFG
    SLICE_X62Y50         FDRE                                         r  system_wrapper/security_core/cpu/cpu/pcpi_div/quotient_msk_reg[11]/C
  -------------------------------------------------------------------    -------------------
    SLICE_X62Y50         FDRE (Prop_fdre_C_Q)         0.141     1.655 r  system_wrapper/security_core/cpu/cpu/pcpi_div/quotient_msk_reg[11]/Q
                         net (fo=3, routed)           0.231     1.885    system_wrapper/security_core/cpu/cpu/pcpi_div/quotient_msk_reg_n_0_[11]
    SLICE_X63Y49         LUT2 (Prop_lut2_I1_O)        0.045     1.930 r  system_wrapper/security_core/cpu/cpu/pcpi_div/quotient[11]_i_1/O
                         net (fo=1, routed)           0.000     1.930    system_wrapper/security_core/cpu/cpu/pcpi_div/quotient[11]_i_1_n_0
    SLICE_X63Y49         FDRE                                         r  system_wrapper/security_core/cpu/cpu/pcpi_div/quotient_reg[11]/D
  -------------------------------------------------------------------    -------------------

                         (clock sys_clk rise edge)    0.000     0.000 r  
    D13                                               0.000     0.000 r  clk_24mhz (IN)
                         net (fo=0)                   0.000     0.000    clk_24mhz
    D13                  IBUF (Prop_ibuf_I_O)         0.450     0.450 r  clk_24mhz_IBUF_inst/O
                         net (fo=1, routed)           0.689     1.139    clk_24mhz_IBUF
    BUFGCTRL_X0Y16       BUFG (Prop_bufg_I_O)         0.029     1.168 r  clk_24mhz_IBUF_BUFG_inst/O
                         net (fo=4073, routed)        0.869     2.036    system_wrapper/security_core/cpu/cpu/pcpi_div/clk_24mhz_IBUF_BUFG
    SLICE_X63Y49         FDRE                                         r  system_wrapper/security_core/cpu/cpu/pcpi_div/quotient_reg[11]/C
                         clock pessimism             -0.246     1.791    
    SLICE_X63Y49         FDRE (Hold_fdre_C_D)         0.091     1.882    system_wrapper/security_core/cpu/cpu/pcpi_div/quotient_reg[11]
  -------------------------------------------------------------------
                         required time                         -1.882    
                         arrival time                           1.930    
  -------------------------------------------------------------------
                         slack                                  0.049    

Slack (MET) :             0.049ns  (arrival time - required time)
  Source:                 system_wrapper/security_core/replay/nonce_reg_reg[0]/C
                            (rising edge-triggered cell FDRE clocked by sys_clk  {rise@0.000ns fall@20.833ns period=41.667ns})
  Destination:            system_wrapper/security_core/replay/nonce_table_reg_0_63_0_2/RAMA/I
                            (rising edge-triggered cell RAMD64E clocked by sys_clk  {rise@0.000ns fall@20.833ns period=41.667ns})
  Path Group:             sys_clk
  Path Type:              Hold (Min at Fast Process Corner)
  Requirement:            0.000ns  (sys_clk rise@0.000ns - sys_clk rise@0.000ns)
  Data Path Delay:        0.209ns  (logic 0.141ns (67.454%)  route 0.068ns (32.546%))
  Logic Levels:           0  
  Clock Path Skew:        0.013ns (DCD - SCD - CPR)
    Destination Clock Delay (DCD):    1.999ns
    Source Clock Delay      (SCD):    1.485ns
    Clock Pessimism Removal (CPR):    0.502ns

    Location             Delay type                Incr(ns)  Path(ns)    Netlist Resource(s)
  -------------------------------------------------------------------    -------------------
                         (clock sys_clk rise edge)    0.000     0.000 r  
    D13                                               0.000     0.000 r  clk_24mhz (IN)
                         net (fo=0)                   0.000     0.000    clk_24mhz
    D13                  IBUF (Prop_ibuf_I_O)         0.262     0.262 r  clk_24mhz_IBUF_inst/O
                         net (fo=1, routed)           0.634     0.896    clk_24mhz_IBUF
    BUFGCTRL_X0Y16       BUFG (Prop_bufg_I_O)         0.026     0.922 r  clk_24mhz_IBUF_BUFG_inst/O
                         net (fo=4073, routed)        0.563     1.485    system_wrapper/security_core/replay/clk_24mhz_IBUF_BUFG
    SLICE_X53Y33         FDRE                                         r  system_wrapper/security_core/replay/nonce_reg_reg[0]/C
  -------------------------------------------------------------------    -------------------
    SLICE_X53Y33         FDRE (Prop_fdre_C_Q)         0.141     1.626 r  system_wrapper/security_core/replay/nonce_reg_reg[0]/Q
                         net (fo=2, routed)           0.068     1.694    system_wrapper/security_core/replay/nonce_table_reg_0_63_0_2/DIA
    SLICE_X52Y33         RAMD64E                                      r  system_wrapper/security_core/replay/nonce_table_reg_0_63_0_2/RAMA/I
  -------------------------------------------------------------------    -------------------

                         (clock sys_clk rise edge)    0.000     0.000 r  
    D13                                               0.000     0.000 r  clk_24mhz (IN)
                         net (fo=0)                   0.000     0.000    clk_24mhz
    D13                  IBUF (Prop_ibuf_I_O)         0.450     0.450 r  clk_24mhz_IBUF_inst/O
                         net (fo=1, routed)           0.689     1.139    clk_24mhz_IBUF
    BUFGCTRL_X0Y16       BUFG (Prop_bufg_I_O)         0.029     1.168 r  clk_24mhz_IBUF_BUFG_inst/O
                         net (fo=4073, routed)        0.832     1.999    system_wrapper/security_core/replay/nonce_table_reg_0_63_0_2/WCLK
    SLICE_X52Y33         RAMD64E                                      r  system_wrapper/security_core/replay/nonce_table_reg_0_63_0_2/RAMA/CLK
                         clock pessimism             -0.502     1.498    
    SLICE_X52Y33         RAMD64E (Hold_ramd64e_CLK_I)
                                                      0.147     1.645    system_wrapper/security_core/replay/nonce_table_reg_0_63_0_2/RAMA
  -------------------------------------------------------------------
                         required time                         -1.645    
                         arrival time                           1.694    
  -------------------------------------------------------------------
                         slack                                  0.049    

Slack (MET) :             0.051ns  (arrival time - required time)
  Source:                 system_wrapper/security_core/cpu/cpu/mem_wdata_reg[24]/C
                            (rising edge-triggered cell FDRE clocked by sys_clk  {rise@0.000ns fall@20.833ns period=41.667ns})
  Destination:            system_wrapper/security_core/memory/memory_reg/DIADI[24]
                            (rising edge-triggered cell RAMB36E1 clocked by sys_clk  {rise@0.000ns fall@20.833ns period=41.667ns})
  Path Group:             sys_clk
  Path Type:              Hold (Min at Fast Process Corner)
  Requirement:            0.000ns  (sys_clk rise@0.000ns - sys_clk rise@0.000ns)
  Data Path Delay:        0.263ns  (logic 0.141ns (53.562%)  route 0.122ns (46.438%))
  Logic Levels:           0  
  Clock Path Skew:        0.057ns (DCD - SCD - CPR)
    Destination Clock Delay (DCD):    2.042ns
    Source Clock Delay      (SCD):    1.485ns
    Clock Pessimism Removal (CPR):    0.499ns

    Location             Delay type                Incr(ns)  Path(ns)    Netlist Resource(s)
  -------------------------------------------------------------------    -------------------
                         (clock sys_clk rise edge)    0.000     0.000 r  
    D13                                               0.000     0.000 r  clk_24mhz (IN)
                         net (fo=0)                   0.000     0.000    clk_24mhz
    D13                  IBUF (Prop_ibuf_I_O)         0.262     0.262 r  clk_24mhz_IBUF_inst/O
                         net (fo=1, routed)           0.634     0.896    clk_24mhz_IBUF
    BUFGCTRL_X0Y16       BUFG (Prop_bufg_I_O)         0.026     0.922 r  clk_24mhz_IBUF_BUFG_inst/O
                         net (fo=4073, routed)        0.563     1.485    system_wrapper/security_core/cpu/cpu/clk_24mhz_IBUF_BUFG
    SLICE_X48Y50         FDRE                                         r  system_wrapper/security_core/cpu/cpu/mem_wdata_reg[24]/C
  -------------------------------------------------------------------    -------------------
    SLICE_X48Y50         FDRE (Prop_fdre_C_Q)         0.141     1.626 r  system_wrapper/security_core/cpu/cpu/mem_wdata_reg[24]/Q
                         net (fo=2, routed)           0.122     1.748    system_wrapper/security_core/memory/mem_wdata[24]
    RAMB36_X1Y10         RAMB36E1                                     r  system_wrapper/security_core/memory/memory_reg/DIADI[24]
  -------------------------------------------------------------------    -------------------

                         (clock sys_clk rise edge)    0.000     0.000 r  
    D13                                               0.000     0.000 r  clk_24mhz (IN)
                         net (fo=0)                   0.000     0.000    clk_24mhz
    D13                  IBUF (Prop_ibuf_I_O)         0.450     0.450 r  clk_24mhz_IBUF_inst/O
                         net (fo=1, routed)           0.689     1.139    clk_24mhz_IBUF
    BUFGCTRL_X0Y16       BUFG (Prop_bufg_I_O)         0.029     1.168 r  clk_24mhz_IBUF_BUFG_inst/O
                         net (fo=4073, routed)        0.874     2.042    system_wrapper/security_core/memory/clk_24mhz_IBUF_BUFG
    RAMB36_X1Y10         RAMB36E1                                     r  system_wrapper/security_core/memory/memory_reg/CLKARDCLK
                         clock pessimism             -0.499     1.542    
    RAMB36_X1Y10         RAMB36E1 (Hold_ramb36e1_CLKARDCLK_DIADI[24])
                                                      0.155     1.697    system_wrapper/security_core/memory/memory_reg
  -------------------------------------------------------------------
                         required time                         -1.697    
                         arrival time                           1.748    
  -------------------------------------------------------------------
                         slack                                  0.051    





Pulse Width Checks
--------------------------------------------------------------------------------------
Clock Name:         sys_clk
Waveform(ns):       { 0.000 20.833 }
Period(ns):         41.667
Sources:            { clk_24mhz }

Check Type        Corner  Lib Pin             Reference Pin  Required(ns)  Actual(ns)  Slack(ns)  Location        Pin
Min Period        n/a     RAMB36E1/CLKARDCLK  n/a            2.944         41.667      38.723     RAMB36_X1Y10    system_wrapper/security_core/memory/memory_reg/CLKARDCLK
Min Period        n/a     RAMB36E1/CLKBWRCLK  n/a            2.576         41.667      39.091     RAMB36_X1Y10    system_wrapper/security_core/memory/memory_reg/CLKBWRCLK
Min Period        n/a     BUFG/I              n/a            2.155         41.667      39.512     BUFGCTRL_X0Y16  clk_24mhz_IBUF_BUFG_inst/I
Min Period        n/a     FDRE/C              n/a            1.000         41.667      40.667     SLICE_X29Y43    sd_test_counter_reg[0]/C
Min Period        n/a     FDRE/C              n/a            1.000         41.667      40.667     SLICE_X29Y45    sd_test_counter_reg[10]/C
Min Period        n/a     FDRE/C              n/a            1.000         41.667      40.667     SLICE_X29Y45    sd_test_counter_reg[11]/C
Min Period        n/a     FDRE/C              n/a            1.000         41.667      40.667     SLICE_X29Y46    sd_test_counter_reg[12]/C
Min Period        n/a     FDRE/C              n/a            1.000         41.667      40.667     SLICE_X29Y46    sd_test_counter_reg[13]/C
Min Period        n/a     FDRE/C              n/a            1.000         41.667      40.667     SLICE_X29Y46    sd_test_counter_reg[14]/C
Min Period        n/a     FDRE/C              n/a            1.000         41.667      40.667     SLICE_X29Y46    sd_test_counter_reg[15]/C
Low Pulse Width   Slow    RAMD32/CLK          n/a            1.250         20.834      19.584     SLICE_X38Y53    system_wrapper/security_core/cpu/cpu/cpuregs_reg_r1_0_31_0_5/RAMA/CLK
Low Pulse Width   Fast    RAMD32/CLK          n/a            1.250         20.833      19.583     SLICE_X38Y53    system_wrapper/security_core/cpu/cpu/cpuregs_reg_r1_0_31_0_5/RAMA/CLK
Low Pulse Width   Slow    RAMD32/CLK          n/a            1.250         20.834      19.584     SLICE_X38Y53    system_wrapper/security_core/cpu/cpu/cpuregs_reg_r1_0_31_0_5/RAMA_D1/CLK
Low Pulse Width   Fast    RAMD32/CLK          n/a            1.250         20.833      19.583     SLICE_X38Y53    system_wrapper/security_core/cpu/cpu/cpuregs_reg_r1_0_31_0_5/RAMA_D1/CLK
Low Pulse Width   Slow    RAMD32/CLK          n/a            1.250         20.834      19.584     SLICE_X38Y53    system_wrapper/security_core/cpu/cpu/cpuregs_reg_r1_0_31_0_5/RAMB/CLK
Low Pulse Width   Fast    RAMD32/CLK          n/a            1.250         20.833      19.583     SLICE_X38Y53    system_wrapper/security_core/cpu/cpu/cpuregs_reg_r1_0_31_0_5/RAMB/CLK
Low Pulse Width   Slow    RAMD32/CLK          n/a            1.250         20.834      19.584     SLICE_X38Y53    system_wrapper/security_core/cpu/cpu/cpuregs_reg_r1_0_31_0_5/RAMB_D1/CLK
Low Pulse Width   Fast    RAMD32/CLK          n/a            1.250         20.833      19.583     SLICE_X38Y53    system_wrapper/security_core/cpu/cpu/cpuregs_reg_r1_0_31_0_5/RAMB_D1/CLK
Low Pulse Width   Slow    RAMD32/CLK          n/a            1.250         20.834      19.584     SLICE_X38Y53    system_wrapper/security_core/cpu/cpu/cpuregs_reg_r1_0_31_0_5/RAMC/CLK
Low Pulse Width   Fast    RAMD32/CLK          n/a            1.250         20.833      19.583     SLICE_X38Y53    system_wrapper/security_core/cpu/cpu/cpuregs_reg_r1_0_31_0_5/RAMC/CLK
High Pulse Width  Slow    RAMD32/CLK          n/a            1.250         20.833      19.583     SLICE_X38Y53    system_wrapper/security_core/cpu/cpu/cpuregs_reg_r1_0_31_0_5/RAMA/CLK
High Pulse Width  Fast    RAMD32/CLK          n/a            1.250         20.834      19.584     SLICE_X38Y53    system_wrapper/security_core/cpu/cpu/cpuregs_reg_r1_0_31_0_5/RAMA/CLK
High Pulse Width  Slow    RAMD32/CLK          n/a            1.250         20.833      19.583     SLICE_X38Y53    system_wrapper/security_core/cpu/cpu/cpuregs_reg_r1_0_31_0_5/RAMA_D1/CLK
High Pulse Width  Fast    RAMD32/CLK          n/a            1.250         20.834      19.584     SLICE_X38Y53    system_wrapper/security_core/cpu/cpu/cpuregs_reg_r1_0_31_0_5/RAMA_D1/CLK
High Pulse Width  Slow    RAMD32/CLK          n/a            1.250         20.833      19.583     SLICE_X38Y53    system_wrapper/security_core/cpu/cpu/cpuregs_reg_r1_0_31_0_5/RAMB/CLK
High Pulse Width  Fast    RAMD32/CLK          n/a            1.250         20.834      19.584     SLICE_X38Y53    system_wrapper/security_core/cpu/cpu/cpuregs_reg_r1_0_31_0_5/RAMB/CLK
High Pulse Width  Slow    RAMD32/CLK          n/a            1.250         20.833      19.583     SLICE_X38Y53    system_wrapper/security_core/cpu/cpu/cpuregs_reg_r1_0_31_0_5/RAMB_D1/CLK
High Pulse Width  Fast    RAMD32/CLK          n/a            1.250         20.834      19.584     SLICE_X38Y53    system_wrapper/security_core/cpu/cpu/cpuregs_reg_r1_0_31_0_5/RAMB_D1/CLK
High Pulse Width  Slow    RAMD32/CLK          n/a            1.250         20.833      19.583     SLICE_X38Y53    system_wrapper/security_core/cpu/cpu/cpuregs_reg_r1_0_31_0_5/RAMC/CLK
High Pulse Width  Fast    RAMD32/CLK          n/a            1.250         20.834      19.584     SLICE_X38Y53    system_wrapper/security_core/cpu/cpu/cpuregs_reg_r1_0_31_0_5/RAMC/CLK



--------------------------------------------------------------------------------------
Path Group:  (none)
From Clock:  
  To Clock:  

Max Delay             5 Endpoints
Min Delay             5 Endpoints
--------------------------------------------------------------------------------------


Max Delay Paths
--------------------------------------------------------------------------------------
Slack:                    inf
  Source:                 reset
                            (input port)
  Destination:            led[0]
                            (output port)
  Path Group:             (none)
  Path Type:              Max at Slow Process Corner
  Data Path Delay:        19.081ns  (logic 5.153ns (27.007%)  route 13.927ns (72.993%))
  Logic Levels:           3  (IBUF=1 LUT1=1 OBUF=1)
  Timing Exception:       False Path

    Location             Delay type                Incr(ns)  Path(ns)    Netlist Resource(s)
  -------------------------------------------------------------------    -------------------
    C9                                                0.000     0.000 f  reset (IN)
                         net (fo=0)                   0.000     0.000    reset
    C9                   IBUF (Prop_ibuf_I_O)         1.503     1.503 f  reset_IBUF_inst/O
                         net (fo=3087, routed)       11.519    13.022    system_wrapper/security_core/cpu/cpu/pcpi_mul/reset_IBUF
    SLICE_X54Y71         LUT1 (Prop_lut1_I0_O)        0.124    13.146 r  system_wrapper/security_core/cpu/cpu/pcpi_mul/led_OBUF[0]_inst_i_1/O
                         net (fo=214, routed)         2.409    15.555    led_OBUF[0]
    D5                   OBUF (Prop_obuf_I_O)         3.526    19.081 r  led_OBUF[0]_inst/O
                         net (fo=0)                   0.000    19.081    led[0]
    D5                                                                r  led[0] (OUT)
  -------------------------------------------------------------------    -------------------

Slack:                    inf
  Source:                 sw_sd_log_enable
                            (input port)
  Destination:            led[6]
                            (output port)
  Path Group:             (none)
  Path Type:              Max at Slow Process Corner
  Data Path Delay:        10.376ns  (logic 5.181ns (49.931%)  route 5.195ns (50.069%))
  Logic Levels:           3  (IBUF=1 LUT2=1 OBUF=1)
  Timing Exception:       False Path

    Location             Delay type                Incr(ns)  Path(ns)    Netlist Resource(s)
  -------------------------------------------------------------------    -------------------
    B7                                                0.000     0.000 r  sw_sd_log_enable (IN)
                         net (fo=0)                   0.000     0.000    sw_sd_log_enable
    B7                   IBUF (Prop_ibuf_I_O)         1.502     1.502 r  sw_sd_log_enable_IBUF_inst/O
                         net (fo=1, routed)           2.686     4.187    sw_sd_log_enable_IBUF
    SLICE_X36Y83         LUT2 (Prop_lut2_I1_O)        0.124     4.311 r  led_OBUF[6]_inst_i_1/O
                         net (fo=1, routed)           2.510     6.821    led_OBUF[6]
    C14                  OBUF (Prop_obuf_I_O)         3.555    10.376 r  led_OBUF[6]_inst/O
                         net (fo=0)                   0.000    10.376    led[6]
    C14                                                               r  led[6] (OUT)
  -------------------------------------------------------------------    -------------------

Slack:                    inf
  Source:                 clear_alarm
                            (input port)
  Destination:            led[1]
                            (output port)
  Path Group:             (none)
  Path Type:              Max at Slow Process Corner
  Data Path Delay:        9.717ns  (logic 5.199ns (53.500%)  route 4.519ns (46.501%))
  Logic Levels:           3  (IBUF=1 LUT2=1 OBUF=1)
  Timing Exception:       False Path

    Location             Delay type                Incr(ns)  Path(ns)    Netlist Resource(s)
  -------------------------------------------------------------------    -------------------
    B9                                                0.000     0.000 r  clear_alarm (IN)
                         net (fo=0)                   0.000     0.000    clear_alarm
    B9                   IBUF (Prop_ibuf_I_O)         1.526     1.526 r  clear_alarm_IBUF_inst/O
                         net (fo=2, routed)           2.403     3.929    system_wrapper/peripherals/leds/clear_alarm_IBUF
    SLICE_X52Y91         LUT2 (Prop_lut2_I0_O)        0.124     4.053 r  system_wrapper/peripherals/leds/led_OBUF[1]_inst_i_1/O
                         net (fo=1, routed)           2.116     6.169    led_OBUF[1]
    A3                   OBUF (Prop_obuf_I_O)         3.548     9.717 r  led_OBUF[1]_inst/O
                         net (fo=0)                   0.000     9.717    led[1]
    A3                                                                r  led[1] (OUT)
  -------------------------------------------------------------------    -------------------

Slack:                    inf
  Source:                 sw_alarm_test
                            (input port)
  Destination:            led[3]
                            (output port)
  Path Group:             (none)
  Path Type:              Max at Slow Process Corner
  Data Path Delay:        8.973ns  (logic 5.174ns (57.662%)  route 3.799ns (42.338%))
  Logic Levels:           3  (IBUF=1 LUT2=1 OBUF=1)
  Timing Exception:       False Path

    Location             Delay type                Incr(ns)  Path(ns)    Netlist Resource(s)
  -------------------------------------------------------------------    -------------------
    A7                                                0.000     0.000 r  sw_alarm_test (IN)
                         net (fo=0)                   0.000     0.000    sw_alarm_test
    A7                   IBUF (Prop_ibuf_I_O)         1.501     1.501 r  sw_alarm_test_IBUF_inst/O
                         net (fo=2, routed)           1.717     3.218    system_wrapper/peripherals/leds/sw_alarm_test_IBUF
    SLICE_X54Y91         LUT2 (Prop_lut2_I0_O)        0.124     3.342 r  system_wrapper/peripherals/leds/led_OBUF[3]_inst_i_1/O
                         net (fo=1, routed)           2.082     5.424    led_OBUF[3]
    A4                   OBUF (Prop_obuf_I_O)         3.549     8.973 r  led_OBUF[3]_inst/O
                         net (fo=0)                   0.000     8.973    led[3]
    A4                                                                r  led[3] (OUT)
  -------------------------------------------------------------------    -------------------

Slack:                    inf
  Source:                 sw_display_lock
                            (input port)
  Destination:            led[2]
                            (output port)
  Path Group:             (none)
  Path Type:              Max at Slow Process Corner
  Data Path Delay:        7.770ns  (logic 5.018ns (64.589%)  route 2.751ns (35.411%))
  Logic Levels:           2  (IBUF=1 OBUF=1)
  Timing Exception:       False Path

    Location             Delay type                Incr(ns)  Path(ns)    Netlist Resource(s)
  -------------------------------------------------------------------    -------------------
    G5                                                0.000     0.000 r  sw_display_lock (IN)
                         net (fo=0)                   0.000     0.000    sw_display_lock
    G5                   IBUF (Prop_ibuf_I_O)         1.468     1.468 r  sw_display_lock_IBUF_inst/O
                         net (fo=1, routed)           2.751     4.219    led_OBUF[2]
    B4                   OBUF (Prop_obuf_I_O)         3.550     7.770 r  led_OBUF[2]_inst/O
                         net (fo=0)                   0.000     7.770    led[2]
    B4                                                                r  led[2] (OUT)
  -------------------------------------------------------------------    -------------------





Min Delay Paths
--------------------------------------------------------------------------------------
Slack:                    inf
  Source:                 sw_display_lock
                            (input port)
  Destination:            led[2]
                            (output port)
  Path Group:             (none)
  Path Type:              Min at Fast Process Corner
  Data Path Delay:        2.216ns  (logic 1.487ns (67.094%)  route 0.729ns (32.906%))
  Logic Levels:           2  (IBUF=1 OBUF=1)
  Timing Exception:       False Path

    Location             Delay type                Incr(ns)  Path(ns)    Netlist Resource(s)
  -------------------------------------------------------------------    -------------------
    G5                                                0.000     0.000 r  sw_display_lock (IN)
                         net (fo=0)                   0.000     0.000    sw_display_lock
    G5                   IBUF (Prop_ibuf_I_O)         0.236     0.236 r  sw_display_lock_IBUF_inst/O
                         net (fo=1, routed)           0.729     0.965    led_OBUF[2]
    B4                   OBUF (Prop_obuf_I_O)         1.251     2.216 r  led_OBUF[2]_inst/O
                         net (fo=0)                   0.000     2.216    led[2]
    B4                                                                r  led[2] (OUT)
  -------------------------------------------------------------------    -------------------

Slack:                    inf
  Source:                 sw_alarm_test
                            (input port)
  Destination:            led[3]
                            (output port)
  Path Group:             (none)
  Path Type:              Min at Fast Process Corner
  Data Path Delay:        2.816ns  (logic 1.564ns (55.529%)  route 1.252ns (44.471%))
  Logic Levels:           3  (IBUF=1 LUT2=1 OBUF=1)
  Timing Exception:       False Path

    Location             Delay type                Incr(ns)  Path(ns)    Netlist Resource(s)
  -------------------------------------------------------------------    -------------------
    A7                                                0.000     0.000 r  sw_alarm_test (IN)
                         net (fo=0)                   0.000     0.000    sw_alarm_test
    A7                   IBUF (Prop_ibuf_I_O)         0.268     0.268 r  sw_alarm_test_IBUF_inst/O
                         net (fo=2, routed)           0.712     0.980    system_wrapper/peripherals/leds/sw_alarm_test_IBUF
    SLICE_X54Y91         LUT2 (Prop_lut2_I0_O)        0.045     1.025 r  system_wrapper/peripherals/leds/led_OBUF[3]_inst_i_1/O
                         net (fo=1, routed)           0.540     1.566    led_OBUF[3]
    A4                   OBUF (Prop_obuf_I_O)         1.250     2.816 r  led_OBUF[3]_inst/O
                         net (fo=0)                   0.000     2.816    led[3]
    A4                                                                r  led[3] (OUT)
  -------------------------------------------------------------------    -------------------

Slack:                    inf
  Source:                 clear_alarm
                            (input port)
  Destination:            led[1]
                            (output port)
  Path Group:             (none)
  Path Type:              Min at Fast Process Corner
  Data Path Delay:        3.199ns  (logic 1.588ns (49.628%)  route 1.612ns (50.372%))
  Logic Levels:           3  (IBUF=1 LUT2=1 OBUF=1)
  Timing Exception:       False Path

    Location             Delay type                Incr(ns)  Path(ns)    Netlist Resource(s)
  -------------------------------------------------------------------    -------------------
    B9                                                0.000     0.000 r  clear_alarm (IN)
                         net (fo=0)                   0.000     0.000    clear_alarm
    B9                   IBUF (Prop_ibuf_I_O)         0.294     0.294 r  clear_alarm_IBUF_inst/O
                         net (fo=2, routed)           1.045     1.339    system_wrapper/peripherals/leds/clear_alarm_IBUF
    SLICE_X52Y91         LUT2 (Prop_lut2_I0_O)        0.045     1.384 r  system_wrapper/peripherals/leds/led_OBUF[1]_inst_i_1/O
                         net (fo=1, routed)           0.567     1.950    led_OBUF[1]
    A3                   OBUF (Prop_obuf_I_O)         1.249     3.199 r  led_OBUF[1]_inst/O
                         net (fo=0)                   0.000     3.199    led[1]
    A3                                                                r  led[1] (OUT)
  -------------------------------------------------------------------    -------------------

Slack:                    inf
  Source:                 sw_sd_log_enable
                            (input port)
  Destination:            led[6]
                            (output port)
  Path Group:             (none)
  Path Type:              Min at Fast Process Corner
  Data Path Delay:        3.438ns  (logic 1.570ns (45.667%)  route 1.868ns (54.333%))
  Logic Levels:           3  (IBUF=1 LUT2=1 OBUF=1)
  Timing Exception:       False Path

    Location             Delay type                Incr(ns)  Path(ns)    Netlist Resource(s)
  -------------------------------------------------------------------    -------------------
    B7                                                0.000     0.000 r  sw_sd_log_enable (IN)
                         net (fo=0)                   0.000     0.000    sw_sd_log_enable
    B7                   IBUF (Prop_ibuf_I_O)         0.270     0.270 r  sw_sd_log_enable_IBUF_inst/O
                         net (fo=1, routed)           1.146     1.415    sw_sd_log_enable_IBUF
    SLICE_X36Y83         LUT2 (Prop_lut2_I1_O)        0.045     1.460 r  led_OBUF[6]_inst_i_1/O
                         net (fo=1, routed)           0.723     2.183    led_OBUF[6]
    C14                  OBUF (Prop_obuf_I_O)         1.256     3.438 r  led_OBUF[6]_inst/O
                         net (fo=0)                   0.000     3.438    led[6]
    C14                                                               r  led[6] (OUT)
  -------------------------------------------------------------------    -------------------

Slack:                    inf
  Source:                 reset
                            (input port)
  Destination:            led[0]
                            (output port)
  Path Group:             (none)
  Path Type:              Min at Fast Process Corner
  Data Path Delay:        7.355ns  (logic 1.543ns (20.975%)  route 5.812ns (79.025%))
  Logic Levels:           3  (IBUF=1 LUT1=1 OBUF=1)
  Timing Exception:       False Path

    Location             Delay type                Incr(ns)  Path(ns)    Netlist Resource(s)
  -------------------------------------------------------------------    -------------------
    C9                                                0.000     0.000 f  reset (IN)
                         net (fo=0)                   0.000     0.000    reset
    C9                   IBUF (Prop_ibuf_I_O)         0.271     0.271 f  reset_IBUF_inst/O
                         net (fo=3087, routed)        5.097     5.368    system_wrapper/security_core/cpu/cpu/pcpi_mul/reset_IBUF
    SLICE_X54Y71         LUT1 (Prop_lut1_I0_O)        0.045     5.413 r  system_wrapper/security_core/cpu/cpu/pcpi_mul/led_OBUF[0]_inst_i_1/O
                         net (fo=214, routed)         0.716     6.128    led_OBUF[0]
    D5                   OBUF (Prop_obuf_I_O)         1.227     7.355 r  led_OBUF[0]_inst/O
                         net (fo=0)                   0.000     7.355    led[0]
    D5                                                                r  led[0] (OUT)
  -------------------------------------------------------------------    -------------------





--------------------------------------------------------------------------------------
Path Group:  (none)
From Clock:  sys_clk
  To Clock:  

Max Delay            20 Endpoints
Min Delay            20 Endpoints
--------------------------------------------------------------------------------------


Max Delay Paths
--------------------------------------------------------------------------------------
Slack:                    inf
  Source:                 system_wrapper/peripherals/leds/led_reg[1]/C
                            (rising edge-triggered cell FDRE clocked by sys_clk  {rise@0.000ns fall@20.833ns period=41.667ns})
  Destination:            led[1]
                            (output port)
  Path Group:             (none)
  Path Type:              Max at Slow Process Corner
  Data Path Delay:        8.408ns  (logic 4.190ns (49.833%)  route 4.218ns (50.167%))
  Logic Levels:           2  (LUT2=1 OBUF=1)
  Clock Uncertainty:      0.025ns  ((TSJ^2 + TIJ^2)^1/2 + DJ) / 2 + PE
    Total System Jitter     (TSJ):    0.050ns
    Total Input Jitter      (TIJ):    0.000ns
    Discrete Jitter          (DJ):    0.000ns
    Phase Error              (PE):    0.000ns
  Timing Exception:       False Path

    Location             Delay type                Incr(ns)  Path(ns)    Netlist Resource(s)
  -------------------------------------------------------------------    -------------------
                         (clock sys_clk rise edge)    0.000     0.000 r  
    D13                                               0.000     0.000 r  clk_24mhz (IN)
                         net (fo=0)                   0.000     0.000    clk_24mhz
    D13                  IBUF (Prop_ibuf_I_O)         1.494     1.494 r  clk_24mhz_IBUF_inst/O
                         net (fo=1, routed)           1.972     3.466    clk_24mhz_IBUF
    BUFGCTRL_X0Y16       BUFG (Prop_bufg_I_O)         0.096     3.562 r  clk_24mhz_IBUF_BUFG_inst/O
                         net (fo=4073, routed)        1.571     5.133    system_wrapper/peripherals/leds/clk_24mhz_IBUF_BUFG
    SLICE_X52Y39         FDRE                                         r  system_wrapper/peripherals/leds/led_reg[1]/C
  -------------------------------------------------------------------    -------------------
    SLICE_X52Y39         FDRE (Prop_fdre_C_Q)         0.518     5.651 r  system_wrapper/peripherals/leds/led_reg[1]/Q
                         net (fo=1, routed)           2.103     7.754    system_wrapper/peripherals/leds/led_internal[1]
    SLICE_X52Y91         LUT2 (Prop_lut2_I1_O)        0.124     7.878 r  system_wrapper/peripherals/leds/led_OBUF[1]_inst_i_1/O
                         net (fo=1, routed)           2.116     9.994    led_OBUF[1]
    A3                   OBUF (Prop_obuf_I_O)         3.548    13.542 r  led_OBUF[1]_inst/O
                         net (fo=0)                   0.000    13.542    led[1]
    A3                                                                r  led[1] (OUT)
  -------------------------------------------------------------------    -------------------

Slack:                    inf
  Source:                 system_wrapper/peripherals/leds/led_reg[4]/C
                            (rising edge-triggered cell FDRE clocked by sys_clk  {rise@0.000ns fall@20.833ns period=41.667ns})
  Destination:            led[3]
                            (output port)
  Path Group:             (none)
  Path Type:              Max at Slow Process Corner
  Data Path Delay:        8.374ns  (logic 4.267ns (50.960%)  route 4.107ns (49.040%))
  Logic Levels:           2  (LUT2=1 OBUF=1)
  Clock Uncertainty:      0.025ns  ((TSJ^2 + TIJ^2)^1/2 + DJ) / 2 + PE
    Total System Jitter     (TSJ):    0.050ns
    Total Input Jitter      (TIJ):    0.000ns
    Discrete Jitter          (DJ):    0.000ns
    Phase Error              (PE):    0.000ns
  Timing Exception:       False Path

    Location             Delay type                Incr(ns)  Path(ns)    Netlist Resource(s)
  -------------------------------------------------------------------    -------------------
                         (clock sys_clk rise edge)    0.000     0.000 r  
    D13                                               0.000     0.000 r  clk_24mhz (IN)
                         net (fo=0)                   0.000     0.000    clk_24mhz
    D13                  IBUF (Prop_ibuf_I_O)         1.494     1.494 r  clk_24mhz_IBUF_inst/O
                         net (fo=1, routed)           1.972     3.466    clk_24mhz_IBUF
    BUFGCTRL_X0Y16       BUFG (Prop_bufg_I_O)         0.096     3.562 r  clk_24mhz_IBUF_BUFG_inst/O
                         net (fo=4073, routed)        1.570     5.132    system_wrapper/peripherals/leds/clk_24mhz_IBUF_BUFG
    SLICE_X47Y49         FDRE                                         r  system_wrapper/peripherals/leds/led_reg[4]/C
  -------------------------------------------------------------------    -------------------
    SLICE_X47Y49         FDRE (Prop_fdre_C_Q)         0.419     5.551 r  system_wrapper/peripherals/leds/led_reg[4]/Q
                         net (fo=1, routed)           2.025     7.576    system_wrapper/peripherals/leds/led_internal[4]
    SLICE_X54Y91         LUT2 (Prop_lut2_I1_O)        0.299     7.875 r  system_wrapper/peripherals/leds/led_OBUF[3]_inst_i_1/O
                         net (fo=1, routed)           2.082     9.957    led_OBUF[3]
    A4                   OBUF (Prop_obuf_I_O)         3.549    13.506 r  led_OBUF[3]_inst/O
                         net (fo=0)                   0.000    13.506    led[3]
    A4                                                                r  led[3] (OUT)
  -------------------------------------------------------------------    -------------------

Slack:                    inf
  Source:                 system_wrapper/peripherals/relay/relay_in_reg_lopt_replica/C
                            (rising edge-triggered cell FDRE clocked by sys_clk  {rise@0.000ns fall@20.833ns period=41.667ns})
  Destination:            led[4]
                            (output port)
  Path Group:             (none)
  Path Type:              Max at Slow Process Corner
  Data Path Delay:        7.965ns  (logic 3.959ns (49.703%)  route 4.006ns (50.297%))
  Logic Levels:           1  (OBUF=1)
  Clock Uncertainty:      0.025ns  ((TSJ^2 + TIJ^2)^1/2 + DJ) / 2 + PE
    Total System Jitter     (TSJ):    0.050ns
    Total Input Jitter      (TIJ):    0.000ns
    Discrete Jitter          (DJ):    0.000ns
    Phase Error              (PE):    0.000ns
  Timing Exception:       False Path

    Location             Delay type                Incr(ns)  Path(ns)    Netlist Resource(s)
  -------------------------------------------------------------------    -------------------
                         (clock sys_clk rise edge)    0.000     0.000 r  
    D13                                               0.000     0.000 r  clk_24mhz (IN)
                         net (fo=0)                   0.000     0.000    clk_24mhz
    D13                  IBUF (Prop_ibuf_I_O)         1.494     1.494 r  clk_24mhz_IBUF_inst/O
                         net (fo=1, routed)           1.972     3.466    clk_24mhz_IBUF
    BUFGCTRL_X0Y16       BUFG (Prop_bufg_I_O)         0.096     3.562 r  clk_24mhz_IBUF_BUFG_inst/O
                         net (fo=4073, routed)        1.568     5.130    system_wrapper/peripherals/relay/clk_24mhz_IBUF_BUFG
    SLICE_X48Y37         FDRE                                         r  system_wrapper/peripherals/relay/relay_in_reg_lopt_replica/C
  -------------------------------------------------------------------    -------------------
    SLICE_X48Y37         FDRE (Prop_fdre_C_Q)         0.456     5.586 r  system_wrapper/peripherals/relay/relay_in_reg_lopt_replica/Q
                         net (fo=1, routed)           4.006     9.592    lopt
    E6                   OBUF (Prop_obuf_I_O)         3.503    13.095 r  led_OBUF[4]_inst/O
                         net (fo=0)                   0.000    13.095    led[4]
    E6                                                                r  led[4] (OUT)
  -------------------------------------------------------------------    -------------------

Slack:                    inf
  Source:                 sd_write_done_latched_reg/C
                            (rising edge-triggered cell FDRE clocked by sys_clk  {rise@0.000ns fall@20.833ns period=41.667ns})
  Destination:            led[6]
                            (output port)
  Path Group:             (none)
  Path Type:              Max at Slow Process Corner
  Data Path Delay:        7.158ns  (logic 4.135ns (57.772%)  route 3.023ns (42.228%))
  Logic Levels:           2  (LUT2=1 OBUF=1)
  Clock Uncertainty:      0.025ns  ((TSJ^2 + TIJ^2)^1/2 + DJ) / 2 + PE
    Total System Jitter     (TSJ):    0.050ns
    Total Input Jitter      (TIJ):    0.000ns
    Discrete Jitter          (DJ):    0.000ns
    Phase Error              (PE):    0.000ns
  Timing Exception:       False Path

    Location             Delay type                Incr(ns)  Path(ns)    Netlist Resource(s)
  -------------------------------------------------------------------    -------------------
                         (clock sys_clk rise edge)    0.000     0.000 r  
    D13                                               0.000     0.000 r  clk_24mhz (IN)
                         net (fo=0)                   0.000     0.000    clk_24mhz
    D13                  IBUF (Prop_ibuf_I_O)         1.494     1.494 r  clk_24mhz_IBUF_inst/O
                         net (fo=1, routed)           1.972     3.466    clk_24mhz_IBUF
    BUFGCTRL_X0Y16       BUFG (Prop_bufg_I_O)         0.096     3.562 r  clk_24mhz_IBUF_BUFG_inst/O
                         net (fo=4073, routed)        1.543     5.105    clk_24mhz_IBUF_BUFG
    SLICE_X36Y83         FDRE                                         r  sd_write_done_latched_reg/C
  -------------------------------------------------------------------    -------------------
    SLICE_X36Y83         FDRE (Prop_fdre_C_Q)         0.456     5.561 r  sd_write_done_latched_reg/Q
                         net (fo=2, routed)           0.513     6.074    sd_write_done_latched
    SLICE_X36Y83         LUT2 (Prop_lut2_I0_O)        0.124     6.198 r  led_OBUF[6]_inst_i_1/O
                         net (fo=1, routed)           2.510     8.707    led_OBUF[6]
    C14                  OBUF (Prop_obuf_I_O)         3.555    12.262 r  led_OBUF[6]_inst/O
                         net (fo=0)                   0.000    12.262    led[6]
    C14                                                               r  led[6] (OUT)
  -------------------------------------------------------------------    -------------------

Slack:                    inf
  Source:                 system_wrapper/peripherals/hc_sr04/trigger_reg/C
                            (rising edge-triggered cell FDRE clocked by sys_clk  {rise@0.000ns fall@20.833ns period=41.667ns})
  Destination:            hc_sr04_trigger
                            (output port)
  Path Group:             (none)
  Path Type:              Max at Slow Process Corner
  Data Path Delay:        7.118ns  (logic 3.990ns (56.051%)  route 3.128ns (43.949%))
  Logic Levels:           1  (OBUF=1)
  Clock Uncertainty:      0.025ns  ((TSJ^2 + TIJ^2)^1/2 + DJ) / 2 + PE
    Total System Jitter     (TSJ):    0.050ns
    Total Input Jitter      (TIJ):    0.000ns
    Discrete Jitter          (DJ):    0.000ns
    Phase Error              (PE):    0.000ns
  Timing Exception:       False Path

    Location             Delay type                Incr(ns)  Path(ns)    Netlist Resource(s)
  -------------------------------------------------------------------    -------------------
                         (clock sys_clk rise edge)    0.000     0.000 r  
    D13                                               0.000     0.000 r  clk_24mhz (IN)
                         net (fo=0)                   0.000     0.000    clk_24mhz
    D13                  IBUF (Prop_ibuf_I_O)         1.494     1.494 r  clk_24mhz_IBUF_inst/O
                         net (fo=1, routed)           1.972     3.466    clk_24mhz_IBUF
    BUFGCTRL_X0Y16       BUFG (Prop_bufg_I_O)         0.096     3.562 r  clk_24mhz_IBUF_BUFG_inst/O
                         net (fo=4073, routed)        1.551     5.113    system_wrapper/peripherals/hc_sr04/clk_24mhz_IBUF_BUFG
    SLICE_X33Y54         FDRE                                         r  system_wrapper/peripherals/hc_sr04/trigger_reg/C
  -------------------------------------------------------------------    -------------------
    SLICE_X33Y54         FDRE (Prop_fdre_C_Q)         0.456     5.569 r  system_wrapper/peripherals/hc_sr04/trigger_reg/Q
                         net (fo=1, routed)           3.128     8.697    hc_sr04_trigger_OBUF
    P1                   OBUF (Prop_obuf_I_O)         3.534    12.231 r  hc_sr04_trigger_OBUF_inst/O
                         net (fo=0)                   0.000    12.231    hc_sr04_trigger
    P1                                                                r  hc_sr04_trigger (OUT)
  -------------------------------------------------------------------    -------------------

Slack:                    inf
  Source:                 system_wrapper/peripherals/sevenseg/seg_clk_reg/C
                            (rising edge-triggered cell FDRE clocked by sys_clk  {rise@0.000ns fall@20.833ns period=41.667ns})
  Destination:            seg_clk
                            (output port)
  Path Group:             (none)
  Path Type:              Max at Slow Process Corner
  Data Path Delay:        7.101ns  (logic 3.987ns (56.148%)  route 3.114ns (43.852%))
  Logic Levels:           1  (OBUF=1)
  Clock Uncertainty:      0.025ns  ((TSJ^2 + TIJ^2)^1/2 + DJ) / 2 + PE
    Total System Jitter     (TSJ):    0.050ns
    Total Input Jitter      (TIJ):    0.000ns
    Discrete Jitter          (DJ):    0.000ns
    Phase Error              (PE):    0.000ns
  Timing Exception:       False Path

    Location             Delay type                Incr(ns)  Path(ns)    Netlist Resource(s)
  -------------------------------------------------------------------    -------------------
                         (clock sys_clk rise edge)    0.000     0.000 r  
    D13                                               0.000     0.000 r  clk_24mhz (IN)
                         net (fo=0)                   0.000     0.000    clk_24mhz
    D13                  IBUF (Prop_ibuf_I_O)         1.494     1.494 r  clk_24mhz_IBUF_inst/O
                         net (fo=1, routed)           1.972     3.466    clk_24mhz_IBUF
    BUFGCTRL_X0Y16       BUFG (Prop_bufg_I_O)         0.096     3.562 r  clk_24mhz_IBUF_BUFG_inst/O
                         net (fo=4073, routed)        1.568     5.130    system_wrapper/peripherals/sevenseg/clk_24mhz_IBUF_BUFG
    SLICE_X44Y42         FDRE                                         r  system_wrapper/peripherals/sevenseg/seg_clk_reg/C
  -------------------------------------------------------------------    -------------------
    SLICE_X44Y42         FDRE (Prop_fdre_C_Q)         0.456     5.586 r  system_wrapper/peripherals/sevenseg/seg_clk_reg/Q
                         net (fo=1, routed)           3.114     8.700    seg_clk_OBUF
    H12                  OBUF (Prop_obuf_I_O)         3.531    12.231 r  seg_clk_OBUF_inst/O
                         net (fo=0)                   0.000    12.231    seg_clk
    H12                                                               r  seg_clk (OUT)
  -------------------------------------------------------------------    -------------------

Slack:                    inf
  Source:                 system_wrapper/peripherals/sevenseg/seg_load_reg/C
                            (rising edge-triggered cell FDSE clocked by sys_clk  {rise@0.000ns fall@20.833ns period=41.667ns})
  Destination:            seg_load
                            (output port)
  Path Group:             (none)
  Path Type:              Max at Slow Process Corner
  Data Path Delay:        7.029ns  (logic 4.056ns (57.700%)  route 2.973ns (42.300%))
  Logic Levels:           1  (OBUF=1)
  Clock Uncertainty:      0.025ns  ((TSJ^2 + TIJ^2)^1/2 + DJ) / 2 + PE
    Total System Jitter     (TSJ):    0.050ns
    Total Input Jitter      (TIJ):    0.000ns
    Discrete Jitter          (DJ):    0.000ns
    Phase Error              (PE):    0.000ns
  Timing Exception:       False Path

    Location             Delay type                Incr(ns)  Path(ns)    Netlist Resource(s)
  -------------------------------------------------------------------    -------------------
                         (clock sys_clk rise edge)    0.000     0.000 r  
    D13                                               0.000     0.000 r  clk_24mhz (IN)
                         net (fo=0)                   0.000     0.000    clk_24mhz
    D13                  IBUF (Prop_ibuf_I_O)         1.494     1.494 r  clk_24mhz_IBUF_inst/O
                         net (fo=1, routed)           1.972     3.466    clk_24mhz_IBUF
    BUFGCTRL_X0Y16       BUFG (Prop_bufg_I_O)         0.096     3.562 r  clk_24mhz_IBUF_BUFG_inst/O
                         net (fo=4073, routed)        1.569     5.131    system_wrapper/peripherals/sevenseg/clk_24mhz_IBUF_BUFG
    SLICE_X42Y47         FDSE                                         r  system_wrapper/peripherals/sevenseg/seg_load_reg/C
  -------------------------------------------------------------------    -------------------
    SLICE_X42Y47         FDSE (Prop_fdse_C_Q)         0.518     5.649 r  system_wrapper/peripherals/sevenseg/seg_load_reg/Q
                         net (fo=1, routed)           2.973     8.622    seg_load_OBUF
    J16                  OBUF (Prop_obuf_I_O)         3.538    12.160 r  seg_load_OBUF_inst/O
                         net (fo=0)                   0.000    12.160    seg_load
    J16                                                               r  seg_load (OUT)
  -------------------------------------------------------------------    -------------------

Slack:                    inf
  Source:                 system_wrapper/peripherals/sevenseg/seg_din_reg/C
                            (rising edge-triggered cell FDRE clocked by sys_clk  {rise@0.000ns fall@20.833ns period=41.667ns})
  Destination:            seg_din
                            (output port)
  Path Group:             (none)
  Path Type:              Max at Slow Process Corner
  Data Path Delay:        6.873ns  (logic 3.986ns (57.992%)  route 2.887ns (42.008%))
  Logic Levels:           1  (OBUF=1)
  Clock Uncertainty:      0.025ns  ((TSJ^2 + TIJ^2)^1/2 + DJ) / 2 + PE
    Total System Jitter     (TSJ):    0.050ns
    Total Input Jitter      (TIJ):    0.000ns
    Discrete Jitter          (DJ):    0.000ns
    Phase Error              (PE):    0.000ns
  Timing Exception:       False Path

    Location             Delay type                Incr(ns)  Path(ns)    Netlist Resource(s)
  -------------------------------------------------------------------    -------------------
                         (clock sys_clk rise edge)    0.000     0.000 r  
    D13                                               0.000     0.000 r  clk_24mhz (IN)
                         net (fo=0)                   0.000     0.000    clk_24mhz
    D13                  IBUF (Prop_ibuf_I_O)         1.494     1.494 r  clk_24mhz_IBUF_inst/O
                         net (fo=1, routed)           1.972     3.466    clk_24mhz_IBUF
    BUFGCTRL_X0Y16       BUFG (Prop_bufg_I_O)         0.096     3.562 r  clk_24mhz_IBUF_BUFG_inst/O
                         net (fo=4073, routed)        1.568     5.130    system_wrapper/peripherals/sevenseg/clk_24mhz_IBUF_BUFG
    SLICE_X40Y43         FDRE                                         r  system_wrapper/peripherals/sevenseg/seg_din_reg/C
  -------------------------------------------------------------------    -------------------
    SLICE_X40Y43         FDRE (Prop_fdre_C_Q)         0.456     5.586 r  system_wrapper/peripherals/sevenseg/seg_din_reg/Q
                         net (fo=1, routed)           2.887     8.473    seg_din_OBUF
    J15                  OBUF (Prop_obuf_I_O)         3.530    12.003 r  seg_din_OBUF_inst/O
                         net (fo=0)                   0.000    12.003    seg_din
    J15                                                               r  seg_din (OUT)
  -------------------------------------------------------------------    -------------------

Slack:                    inf
  Source:                 system_wrapper/peripherals/sounder/buzzer_reg/C
                            (rising edge-triggered cell FDRE clocked by sys_clk  {rise@0.000ns fall@20.833ns period=41.667ns})
  Destination:            buzzer
                            (output port)
  Path Group:             (none)
  Path Type:              Max at Slow Process Corner
  Data Path Delay:        6.677ns  (logic 3.957ns (59.258%)  route 2.720ns (40.742%))
  Logic Levels:           1  (OBUF=1)
  Clock Uncertainty:      0.025ns  ((TSJ^2 + TIJ^2)^1/2 + DJ) / 2 + PE
    Total System Jitter     (TSJ):    0.050ns
    Total Input Jitter      (TIJ):    0.000ns
    Discrete Jitter          (DJ):    0.000ns
    Phase Error              (PE):    0.000ns
  Timing Exception:       False Path

    Location             Delay type                Incr(ns)  Path(ns)    Netlist Resource(s)
  -------------------------------------------------------------------    -------------------
                         (clock sys_clk rise edge)    0.000     0.000 r  
    D13                                               0.000     0.000 r  clk_24mhz (IN)
                         net (fo=0)                   0.000     0.000    clk_24mhz
    D13                  IBUF (Prop_ibuf_I_O)         1.494     1.494 r  clk_24mhz_IBUF_inst/O
                         net (fo=1, routed)           1.972     3.466    clk_24mhz_IBUF
    BUFGCTRL_X0Y16       BUFG (Prop_bufg_I_O)         0.096     3.562 r  clk_24mhz_IBUF_BUFG_inst/O
                         net (fo=4073, routed)        1.569     5.131    system_wrapper/peripherals/sounder/clk_24mhz_IBUF_BUFG
    SLICE_X40Y47         FDRE                                         r  system_wrapper/peripherals/sounder/buzzer_reg/C
  -------------------------------------------------------------------    -------------------
    SLICE_X40Y47         FDRE (Prop_fdre_C_Q)         0.456     5.587 r  system_wrapper/peripherals/sounder/buzzer_reg/Q
                         net (fo=1, routed)           2.720     8.307    buzzer_OBUF
    K5                   OBUF (Prop_obuf_I_O)         3.501    11.808 r  buzzer_OBUF_inst/O
                         net (fo=0)                   0.000    11.808    buzzer
    K5                                                                r  buzzer (OUT)
  -------------------------------------------------------------------    -------------------

Slack:                    inf
  Source:                 system_wrapper/peripherals/relay/relay_in_reg/C
                            (rising edge-triggered cell FDRE clocked by sys_clk  {rise@0.000ns fall@20.833ns period=41.667ns})
  Destination:            relay_in
                            (output port)
  Path Group:             (none)
  Path Type:              Max at Slow Process Corner
  Data Path Delay:        6.490ns  (logic 3.950ns (60.865%)  route 2.540ns (39.135%))
  Logic Levels:           1  (OBUF=1)
  Clock Uncertainty:      0.025ns  ((TSJ^2 + TIJ^2)^1/2 + DJ) / 2 + PE
    Total System Jitter     (TSJ):    0.050ns
    Total Input Jitter      (TIJ):    0.000ns
    Discrete Jitter          (DJ):    0.000ns
    Phase Error              (PE):    0.000ns
  Timing Exception:       False Path

    Location             Delay type                Incr(ns)  Path(ns)    Netlist Resource(s)
  -------------------------------------------------------------------    -------------------
                         (clock sys_clk rise edge)    0.000     0.000 r  
    D13                                               0.000     0.000 r  clk_24mhz (IN)
                         net (fo=0)                   0.000     0.000    clk_24mhz
    D13                  IBUF (Prop_ibuf_I_O)         1.494     1.494 r  clk_24mhz_IBUF_inst/O
                         net (fo=1, routed)           1.972     3.466    clk_24mhz_IBUF
    BUFGCTRL_X0Y16       BUFG (Prop_bufg_I_O)         0.096     3.562 r  clk_24mhz_IBUF_BUFG_inst/O
                         net (fo=4073, routed)        1.568     5.130    system_wrapper/peripherals/relay/clk_24mhz_IBUF_BUFG
    SLICE_X48Y37         FDRE                                         r  system_wrapper/peripherals/relay/relay_in_reg/C
  -------------------------------------------------------------------    -------------------
    SLICE_X48Y37         FDRE (Prop_fdre_C_Q)         0.456     5.586 r  system_wrapper/peripherals/relay/relay_in_reg/Q
                         net (fo=1, routed)           2.540     8.126    relay_in_OBUF
    L5                   OBUF (Prop_obuf_I_O)         3.494    11.620 r  relay_in_OBUF_inst/O
                         net (fo=0)                   0.000    11.620    relay_in
    L5                                                                r  relay_in (OUT)
  -------------------------------------------------------------------    -------------------





Min Delay Paths
--------------------------------------------------------------------------------------
Slack:                    inf
  Source:                 system_wrapper/peripherals/lcd_bus/lcd_d_reg[1]/C
                            (rising edge-triggered cell FDRE clocked by sys_clk  {rise@0.000ns fall@20.833ns period=41.667ns})
  Destination:            lcd_d[1]
                            (output port)
  Path Group:             (none)
  Path Type:              Min at Fast Process Corner
  Data Path Delay:        1.944ns  (logic 1.368ns (70.364%)  route 0.576ns (29.636%))
  Logic Levels:           1  (OBUF=1)
  Clock Uncertainty:      0.025ns  ((TSJ^2 + TIJ^2)^1/2 + DJ) / 2 + PE
    Total System Jitter     (TSJ):    0.050ns
    Total Input Jitter      (TIJ):    0.000ns
    Discrete Jitter          (DJ):    0.000ns
    Phase Error              (PE):    0.000ns
  Timing Exception:       False Path

    Location             Delay type                Incr(ns)  Path(ns)    Netlist Resource(s)
  -------------------------------------------------------------------    -------------------
                         (clock sys_clk rise edge)    0.000     0.000 r  
    D13                                               0.000     0.000 r  clk_24mhz (IN)
                         net (fo=0)                   0.000     0.000    clk_24mhz
    D13                  IBUF (Prop_ibuf_I_O)         0.262     0.262 r  clk_24mhz_IBUF_inst/O
                         net (fo=1, routed)           0.634     0.896    clk_24mhz_IBUF
    BUFGCTRL_X0Y16       BUFG (Prop_bufg_I_O)         0.026     0.922 r  clk_24mhz_IBUF_BUFG_inst/O
                         net (fo=4073, routed)        0.556     1.478    system_wrapper/peripherals/lcd_bus/clk_24mhz_IBUF_BUFG
    SLICE_X49Y67         FDRE                                         r  system_wrapper/peripherals/lcd_bus/lcd_d_reg[1]/C
  -------------------------------------------------------------------    -------------------
    SLICE_X49Y67         FDRE (Prop_fdre_C_Q)         0.141     1.619 r  system_wrapper/peripherals/lcd_bus/lcd_d_reg[1]/Q
                         net (fo=1, routed)           0.576     2.195    lcd_d_OBUF[1]
    G1                   OBUF (Prop_obuf_I_O)         1.227     3.421 r  lcd_d_OBUF[1]_inst/O
                         net (fo=0)                   0.000     3.421    lcd_d[1]
    G1                                                                r  lcd_d[1] (OUT)
  -------------------------------------------------------------------    -------------------

Slack:                    inf
  Source:                 system_wrapper/peripherals/lcd_bus/lcd_d_reg[2]/C
                            (rising edge-triggered cell FDRE clocked by sys_clk  {rise@0.000ns fall@20.833ns period=41.667ns})
  Destination:            lcd_d[2]
                            (output port)
  Path Group:             (none)
  Path Type:              Min at Fast Process Corner
  Data Path Delay:        1.978ns  (logic 1.383ns (69.904%)  route 0.595ns (30.096%))
  Logic Levels:           1  (OBUF=1)
  Clock Uncertainty:      0.025ns  ((TSJ^2 + TIJ^2)^1/2 + DJ) / 2 + PE
    Total System Jitter     (TSJ):    0.050ns
    Total Input Jitter      (TIJ):    0.000ns
    Discrete Jitter          (DJ):    0.000ns
    Phase Error              (PE):    0.000ns
  Timing Exception:       False Path

    Location             Delay type                Incr(ns)  Path(ns)    Netlist Resource(s)
  -------------------------------------------------------------------    -------------------
                         (clock sys_clk rise edge)    0.000     0.000 r  
    D13                                               0.000     0.000 r  clk_24mhz (IN)
                         net (fo=0)                   0.000     0.000    clk_24mhz
    D13                  IBUF (Prop_ibuf_I_O)         0.262     0.262 r  clk_24mhz_IBUF_inst/O
                         net (fo=1, routed)           0.634     0.896    clk_24mhz_IBUF
    BUFGCTRL_X0Y16       BUFG (Prop_bufg_I_O)         0.026     0.922 r  clk_24mhz_IBUF_BUFG_inst/O
                         net (fo=4073, routed)        0.555     1.477    system_wrapper/peripherals/lcd_bus/clk_24mhz_IBUF_BUFG
    SLICE_X49Y68         FDRE                                         r  system_wrapper/peripherals/lcd_bus/lcd_d_reg[2]/C
  -------------------------------------------------------------------    -------------------
    SLICE_X49Y68         FDRE (Prop_fdre_C_Q)         0.141     1.618 r  system_wrapper/peripherals/lcd_bus/lcd_d_reg[2]/Q
                         net (fo=1, routed)           0.595     2.213    lcd_d_OBUF[2]
    H5                   OBUF (Prop_obuf_I_O)         1.242     3.455 r  lcd_d_OBUF[2]_inst/O
                         net (fo=0)                   0.000     3.455    lcd_d[2]
    H5                                                                r  lcd_d[2] (OUT)
  -------------------------------------------------------------------    -------------------

Slack:                    inf
  Source:                 system_wrapper/peripherals/lcd_bus/lcd_rs_reg/C
                            (rising edge-triggered cell FDRE clocked by sys_clk  {rise@0.000ns fall@20.833ns period=41.667ns})
  Destination:            lcd_rs
                            (output port)
  Path Group:             (none)
  Path Type:              Min at Fast Process Corner
  Data Path Delay:        1.985ns  (logic 1.359ns (68.455%)  route 0.626ns (31.545%))
  Logic Levels:           1  (OBUF=1)
  Clock Uncertainty:      0.025ns  ((TSJ^2 + TIJ^2)^1/2 + DJ) / 2 + PE
    Total System Jitter     (TSJ):    0.050ns
    Total Input Jitter      (TIJ):    0.000ns
    Discrete Jitter          (DJ):    0.000ns
    Phase Error              (PE):    0.000ns
  Timing Exception:       False Path

    Location             Delay type                Incr(ns)  Path(ns)    Netlist Resource(s)
  -------------------------------------------------------------------    -------------------
                         (clock sys_clk rise edge)    0.000     0.000 r  
    D13                                               0.000     0.000 r  clk_24mhz (IN)
                         net (fo=0)                   0.000     0.000    clk_24mhz
    D13                  IBUF (Prop_ibuf_I_O)         0.262     0.262 r  clk_24mhz_IBUF_inst/O
                         net (fo=1, routed)           0.634     0.896    clk_24mhz_IBUF
    BUFGCTRL_X0Y16       BUFG (Prop_bufg_I_O)         0.026     0.922 r  clk_24mhz_IBUF_BUFG_inst/O
                         net (fo=4073, routed)        0.556     1.478    system_wrapper/peripherals/lcd_bus/clk_24mhz_IBUF_BUFG
    SLICE_X49Y67         FDRE                                         r  system_wrapper/peripherals/lcd_bus/lcd_rs_reg/C
  -------------------------------------------------------------------    -------------------
    SLICE_X49Y67         FDRE (Prop_fdre_C_Q)         0.141     1.619 r  system_wrapper/peripherals/lcd_bus/lcd_rs_reg/Q
                         net (fo=1, routed)           0.626     2.245    lcd_rs_OBUF
    G4                   OBUF (Prop_obuf_I_O)         1.218     3.463 r  lcd_rs_OBUF_inst/O
                         net (fo=0)                   0.000     3.463    lcd_rs
    G4                                                                r  lcd_rs (OUT)
  -------------------------------------------------------------------    -------------------

Slack:                    inf
  Source:                 system_wrapper/peripherals/lcd_bus/lcd_d_reg[0]/C
                            (rising edge-triggered cell FDRE clocked by sys_clk  {rise@0.000ns fall@20.833ns period=41.667ns})
  Destination:            lcd_d[0]
                            (output port)
  Path Group:             (none)
  Path Type:              Min at Fast Process Corner
  Data Path Delay:        1.988ns  (logic 1.367ns (68.752%)  route 0.621ns (31.248%))
  Logic Levels:           1  (OBUF=1)
  Clock Uncertainty:      0.025ns  ((TSJ^2 + TIJ^2)^1/2 + DJ) / 2 + PE
    Total System Jitter     (TSJ):    0.050ns
    Total Input Jitter      (TIJ):    0.000ns
    Discrete Jitter          (DJ):    0.000ns
    Phase Error              (PE):    0.000ns
  Timing Exception:       False Path

    Location             Delay type                Incr(ns)  Path(ns)    Netlist Resource(s)
  -------------------------------------------------------------------    -------------------
                         (clock sys_clk rise edge)    0.000     0.000 r  
    D13                                               0.000     0.000 r  clk_24mhz (IN)
                         net (fo=0)                   0.000     0.000    clk_24mhz
    D13                  IBUF (Prop_ibuf_I_O)         0.262     0.262 r  clk_24mhz_IBUF_inst/O
                         net (fo=1, routed)           0.634     0.896    clk_24mhz_IBUF
    BUFGCTRL_X0Y16       BUFG (Prop_bufg_I_O)         0.026     0.922 r  clk_24mhz_IBUF_BUFG_inst/O
                         net (fo=4073, routed)        0.556     1.478    system_wrapper/peripherals/lcd_bus/clk_24mhz_IBUF_BUFG
    SLICE_X49Y67         FDRE                                         r  system_wrapper/peripherals/lcd_bus/lcd_d_reg[0]/C
  -------------------------------------------------------------------    -------------------
    SLICE_X49Y67         FDRE (Prop_fdre_C_Q)         0.141     1.619 r  system_wrapper/peripherals/lcd_bus/lcd_d_reg[0]/Q
                         net (fo=1, routed)           0.621     2.240    lcd_d_OBUF[0]
    G2                   OBUF (Prop_obuf_I_O)         1.226     3.466 r  lcd_d_OBUF[0]_inst/O
                         net (fo=0)                   0.000     3.466    lcd_d[0]
    G2                                                                r  lcd_d[0] (OUT)
  -------------------------------------------------------------------    -------------------

Slack:                    inf
  Source:                 system_wrapper/peripherals/lcd_bus/lcd_d_reg[5]/C
                            (rising edge-triggered cell FDRE clocked by sys_clk  {rise@0.000ns fall@20.833ns period=41.667ns})
  Destination:            lcd_d[5]
                            (output port)
  Path Group:             (none)
  Path Type:              Min at Fast Process Corner
  Data Path Delay:        2.013ns  (logic 1.369ns (68.001%)  route 0.644ns (31.999%))
  Logic Levels:           1  (OBUF=1)
  Clock Uncertainty:      0.025ns  ((TSJ^2 + TIJ^2)^1/2 + DJ) / 2 + PE
    Total System Jitter     (TSJ):    0.050ns
    Total Input Jitter      (TIJ):    0.000ns
    Discrete Jitter          (DJ):    0.000ns
    Phase Error              (PE):    0.000ns
  Timing Exception:       False Path

    Location             Delay type                Incr(ns)  Path(ns)    Netlist Resource(s)
  -------------------------------------------------------------------    -------------------
                         (clock sys_clk rise edge)    0.000     0.000 r  
    D13                                               0.000     0.000 r  clk_24mhz (IN)
                         net (fo=0)                   0.000     0.000    clk_24mhz
    D13                  IBUF (Prop_ibuf_I_O)         0.262     0.262 r  clk_24mhz_IBUF_inst/O
                         net (fo=1, routed)           0.634     0.896    clk_24mhz_IBUF
    BUFGCTRL_X0Y16       BUFG (Prop_bufg_I_O)         0.026     0.922 r  clk_24mhz_IBUF_BUFG_inst/O
                         net (fo=4073, routed)        0.557     1.479    system_wrapper/peripherals/lcd_bus/clk_24mhz_IBUF_BUFG
    SLICE_X49Y66         FDRE                                         r  system_wrapper/peripherals/lcd_bus/lcd_d_reg[5]/C
  -------------------------------------------------------------------    -------------------
    SLICE_X49Y66         FDRE (Prop_fdre_C_Q)         0.141     1.620 r  system_wrapper/peripherals/lcd_bus/lcd_d_reg[5]/Q
                         net (fo=1, routed)           0.644     2.264    lcd_d_OBUF[5]
    J4                   OBUF (Prop_obuf_I_O)         1.228     3.492 r  lcd_d_OBUF[5]_inst/O
                         net (fo=0)                   0.000     3.492    lcd_d[5]
    J4                                                                r  lcd_d[5] (OUT)
  -------------------------------------------------------------------    -------------------

Slack:                    inf
  Source:                 system_wrapper/peripherals/lcd_bus/lcd_en_reg/C
                            (rising edge-triggered cell FDRE clocked by sys_clk  {rise@0.000ns fall@20.833ns period=41.667ns})
  Destination:            lcd_en
                            (output port)
  Path Group:             (none)
  Path Type:              Min at Fast Process Corner
  Data Path Delay:        2.023ns  (logic 1.414ns (69.883%)  route 0.609ns (30.117%))
  Logic Levels:           1  (OBUF=1)
  Clock Uncertainty:      0.025ns  ((TSJ^2 + TIJ^2)^1/2 + DJ) / 2 + PE
    Total System Jitter     (TSJ):    0.050ns
    Total Input Jitter      (TIJ):    0.000ns
    Discrete Jitter          (DJ):    0.000ns
    Phase Error              (PE):    0.000ns
  Timing Exception:       False Path

    Location             Delay type                Incr(ns)  Path(ns)    Netlist Resource(s)
  -------------------------------------------------------------------    -------------------
                         (clock sys_clk rise edge)    0.000     0.000 r  
    D13                                               0.000     0.000 r  clk_24mhz (IN)
                         net (fo=0)                   0.000     0.000    clk_24mhz
    D13                  IBUF (Prop_ibuf_I_O)         0.262     0.262 r  clk_24mhz_IBUF_inst/O
                         net (fo=1, routed)           0.634     0.896    clk_24mhz_IBUF
    BUFGCTRL_X0Y16       BUFG (Prop_bufg_I_O)         0.026     0.922 r  clk_24mhz_IBUF_BUFG_inst/O
                         net (fo=4073, routed)        0.555     1.477    system_wrapper/peripherals/lcd_bus/clk_24mhz_IBUF_BUFG
    SLICE_X50Y68         FDRE                                         r  system_wrapper/peripherals/lcd_bus/lcd_en_reg/C
  -------------------------------------------------------------------    -------------------
    SLICE_X50Y68         FDRE (Prop_fdre_C_Q)         0.164     1.641 r  system_wrapper/peripherals/lcd_bus/lcd_en_reg/Q
                         net (fo=1, routed)           0.609     2.250    lcd_en_OBUF
    E1                   OBUF (Prop_obuf_I_O)         1.250     3.500 r  lcd_en_OBUF_inst/O
                         net (fo=0)                   0.000     3.500    lcd_en
    E1                                                                r  lcd_en (OUT)
  -------------------------------------------------------------------    -------------------

Slack:                    inf
  Source:                 system_wrapper/peripherals/lcd_bus/lcd_d_reg[3]/C
                            (rising edge-triggered cell FDRE clocked by sys_clk  {rise@0.000ns fall@20.833ns period=41.667ns})
  Destination:            lcd_d[3]
                            (output port)
  Path Group:             (none)
  Path Type:              Min at Fast Process Corner
  Data Path Delay:        2.024ns  (logic 1.373ns (67.815%)  route 0.652ns (32.185%))
  Logic Levels:           1  (OBUF=1)
  Clock Uncertainty:      0.025ns  ((TSJ^2 + TIJ^2)^1/2 + DJ) / 2 + PE
    Total System Jitter     (TSJ):    0.050ns
    Total Input Jitter      (TIJ):    0.000ns
    Discrete Jitter          (DJ):    0.000ns
    Phase Error              (PE):    0.000ns
  Timing Exception:       False Path

    Location             Delay type                Incr(ns)  Path(ns)    Netlist Resource(s)
  -------------------------------------------------------------------    -------------------
                         (clock sys_clk rise edge)    0.000     0.000 r  
    D13                                               0.000     0.000 r  clk_24mhz (IN)
                         net (fo=0)                   0.000     0.000    clk_24mhz
    D13                  IBUF (Prop_ibuf_I_O)         0.262     0.262 r  clk_24mhz_IBUF_inst/O
                         net (fo=1, routed)           0.634     0.896    clk_24mhz_IBUF
    BUFGCTRL_X0Y16       BUFG (Prop_bufg_I_O)         0.026     0.922 r  clk_24mhz_IBUF_BUFG_inst/O
                         net (fo=4073, routed)        0.557     1.479    system_wrapper/peripherals/lcd_bus/clk_24mhz_IBUF_BUFG
    SLICE_X49Y66         FDRE                                         r  system_wrapper/peripherals/lcd_bus/lcd_d_reg[3]/C
  -------------------------------------------------------------------    -------------------
    SLICE_X49Y66         FDRE (Prop_fdre_C_Q)         0.141     1.620 r  system_wrapper/peripherals/lcd_bus/lcd_d_reg[3]/Q
                         net (fo=1, routed)           0.652     2.271    lcd_d_OBUF[3]
    H4                   OBUF (Prop_obuf_I_O)         1.232     3.503 r  lcd_d_OBUF[3]_inst/O
                         net (fo=0)                   0.000     3.503    lcd_d[3]
    H4                                                                r  lcd_d[3] (OUT)
  -------------------------------------------------------------------    -------------------

Slack:                    inf
  Source:                 system_wrapper/peripherals/lcd_bus/lcd_d_reg[6]/C
                            (rising edge-triggered cell FDRE clocked by sys_clk  {rise@0.000ns fall@20.833ns period=41.667ns})
  Destination:            lcd_d[6]
                            (output port)
  Path Group:             (none)
  Path Type:              Min at Fast Process Corner
  Data Path Delay:        2.028ns  (logic 1.363ns (67.219%)  route 0.665ns (32.781%))
  Logic Levels:           1  (OBUF=1)
  Clock Uncertainty:      0.025ns  ((TSJ^2 + TIJ^2)^1/2 + DJ) / 2 + PE
    Total System Jitter     (TSJ):    0.050ns
    Total Input Jitter      (TIJ):    0.000ns
    Discrete Jitter          (DJ):    0.000ns
    Phase Error              (PE):    0.000ns
  Timing Exception:       False Path

    Location             Delay type                Incr(ns)  Path(ns)    Netlist Resource(s)
  -------------------------------------------------------------------    -------------------
                         (clock sys_clk rise edge)    0.000     0.000 r  
    D13                                               0.000     0.000 r  clk_24mhz (IN)
                         net (fo=0)                   0.000     0.000    clk_24mhz
    D13                  IBUF (Prop_ibuf_I_O)         0.262     0.262 r  clk_24mhz_IBUF_inst/O
                         net (fo=1, routed)           0.634     0.896    clk_24mhz_IBUF
    BUFGCTRL_X0Y16       BUFG (Prop_bufg_I_O)         0.026     0.922 r  clk_24mhz_IBUF_BUFG_inst/O
                         net (fo=4073, routed)        0.557     1.479    system_wrapper/peripherals/lcd_bus/clk_24mhz_IBUF_BUFG
    SLICE_X49Y66         FDRE                                         r  system_wrapper/peripherals/lcd_bus/lcd_d_reg[6]/C
  -------------------------------------------------------------------    -------------------
    SLICE_X49Y66         FDRE (Prop_fdre_C_Q)         0.141     1.620 r  system_wrapper/peripherals/lcd_bus/lcd_d_reg[6]/Q
                         net (fo=1, routed)           0.665     2.285    lcd_d_OBUF[6]
    H2                   OBUF (Prop_obuf_I_O)         1.222     3.507 r  lcd_d_OBUF[6]_inst/O
                         net (fo=0)                   0.000     3.507    lcd_d[6]
    H2                                                                r  lcd_d[6] (OUT)
  -------------------------------------------------------------------    -------------------

Slack:                    inf
  Source:                 system_wrapper/peripherals/lcd_bus/lcd_d_reg[4]/C
                            (rising edge-triggered cell FDRE clocked by sys_clk  {rise@0.000ns fall@20.833ns period=41.667ns})
  Destination:            lcd_d[4]
                            (output port)
  Path Group:             (none)
  Path Type:              Min at Fast Process Corner
  Data Path Delay:        2.031ns  (logic 1.372ns (67.544%)  route 0.659ns (32.456%))
  Logic Levels:           1  (OBUF=1)
  Clock Uncertainty:      0.025ns  ((TSJ^2 + TIJ^2)^1/2 + DJ) / 2 + PE
    Total System Jitter     (TSJ):    0.050ns
    Total Input Jitter      (TIJ):    0.000ns
    Discrete Jitter          (DJ):    0.000ns
    Phase Error              (PE):    0.000ns
  Timing Exception:       False Path

    Location             Delay type                Incr(ns)  Path(ns)    Netlist Resource(s)
  -------------------------------------------------------------------    -------------------
                         (clock sys_clk rise edge)    0.000     0.000 r  
    D13                                               0.000     0.000 r  clk_24mhz (IN)
                         net (fo=0)                   0.000     0.000    clk_24mhz
    D13                  IBUF (Prop_ibuf_I_O)         0.262     0.262 r  clk_24mhz_IBUF_inst/O
                         net (fo=1, routed)           0.634     0.896    clk_24mhz_IBUF
    BUFGCTRL_X0Y16       BUFG (Prop_bufg_I_O)         0.026     0.922 r  clk_24mhz_IBUF_BUFG_inst/O
                         net (fo=4073, routed)        0.555     1.477    system_wrapper/peripherals/lcd_bus/clk_24mhz_IBUF_BUFG
    SLICE_X49Y68         FDRE                                         r  system_wrapper/peripherals/lcd_bus/lcd_d_reg[4]/C
  -------------------------------------------------------------------    -------------------
    SLICE_X49Y68         FDRE (Prop_fdre_C_Q)         0.141     1.618 r  system_wrapper/peripherals/lcd_bus/lcd_d_reg[4]/Q
                         net (fo=1, routed)           0.659     2.277    lcd_d_OBUF[4]
    J5                   OBUF (Prop_obuf_I_O)         1.231     3.508 r  lcd_d_OBUF[4]_inst/O
                         net (fo=0)                   0.000     3.508    lcd_d[4]
    J5                                                                r  lcd_d[4] (OUT)
  -------------------------------------------------------------------    -------------------

Slack:                    inf
  Source:                 system_wrapper/peripherals/lcd_bus/lcd_d_reg[7]/C
                            (rising edge-triggered cell FDRE clocked by sys_clk  {rise@0.000ns fall@20.833ns period=41.667ns})
  Destination:            lcd_d[7]
                            (output port)
  Path Group:             (none)
  Path Type:              Min at Fast Process Corner
  Data Path Delay:        2.046ns  (logic 1.364ns (66.692%)  route 0.681ns (33.308%))
  Logic Levels:           1  (OBUF=1)
  Clock Uncertainty:      0.025ns  ((TSJ^2 + TIJ^2)^1/2 + DJ) / 2 + PE
    Total System Jitter     (TSJ):    0.050ns
    Total Input Jitter      (TIJ):    0.000ns
    Discrete Jitter          (DJ):    0.000ns
    Phase Error              (PE):    0.000ns
  Timing Exception:       False Path

    Location             Delay type                Incr(ns)  Path(ns)    Netlist Resource(s)
  -------------------------------------------------------------------    -------------------
                         (clock sys_clk rise edge)    0.000     0.000 r  
    D13                                               0.000     0.000 r  clk_24mhz (IN)
                         net (fo=0)                   0.000     0.000    clk_24mhz
    D13                  IBUF (Prop_ibuf_I_O)         0.262     0.262 r  clk_24mhz_IBUF_inst/O
                         net (fo=1, routed)           0.634     0.896    clk_24mhz_IBUF
    BUFGCTRL_X0Y16       BUFG (Prop_bufg_I_O)         0.026     0.922 r  clk_24mhz_IBUF_BUFG_inst/O
                         net (fo=4073, routed)        0.556     1.478    system_wrapper/peripherals/lcd_bus/clk_24mhz_IBUF_BUFG
    SLICE_X49Y67         FDRE                                         r  system_wrapper/peripherals/lcd_bus/lcd_d_reg[7]/C
  -------------------------------------------------------------------    -------------------
    SLICE_X49Y67         FDRE (Prop_fdre_C_Q)         0.141     1.619 r  system_wrapper/peripherals/lcd_bus/lcd_d_reg[7]/Q
                         net (fo=1, routed)           0.681     2.300    lcd_d_OBUF[7]
    H1                   OBUF (Prop_obuf_I_O)         1.223     3.523 r  lcd_d_OBUF[7]_inst/O
                         net (fo=0)                   0.000     3.523    lcd_d[7]
    H1                                                                r  lcd_d[7] (OUT)
  -------------------------------------------------------------------    -------------------





--------------------------------------------------------------------------------------
Path Group:  (none)
From Clock:  
  To Clock:  sys_clk

Max Delay          4162 Endpoints
Min Delay          4162 Endpoints
--------------------------------------------------------------------------------------


Max Delay Paths
--------------------------------------------------------------------------------------
Slack:                    inf
  Source:                 reset
                            (input port)
  Destination:            system_wrapper/security_core/cpu/cpu/cpuregs_reg_r2_0_31_0_5/RAMA/WE
                            (rising edge-triggered cell RAMD32 clocked by sys_clk  {rise@0.000ns fall@20.833ns period=41.667ns})
  Path Group:             (none)
  Path Type:              Setup (Max at Slow Process Corner)
  Data Path Delay:        26.108ns  (logic 1.875ns (7.183%)  route 24.233ns (92.817%))
  Logic Levels:           4  (IBUF=1 LUT2=1 LUT6=2)
  Clock Path Skew:        4.817ns (DCD - SCD + CPR)
    Destination Clock Delay (DCD):    4.817ns
    Source Clock Delay      (SCD):    0.000ns
    Clock Pessimism Removal (CPR):    0.000ns
  Clock Uncertainty:      0.025ns  ((TSJ^2 + TIJ^2)^1/2 + DJ) / 2 + PE
    Total System Jitter     (TSJ):    0.050ns
    Total Input Jitter      (TIJ):    0.000ns
    Discrete Jitter          (DJ):    0.000ns
    Phase Error              (PE):    0.000ns
  Timing Exception:       False Path

    Location             Delay type                Incr(ns)  Path(ns)    Netlist Resource(s)
  -------------------------------------------------------------------    -------------------
    C9                                                0.000     0.000 f  reset (IN)
                         net (fo=0)                   0.000     0.000    reset
    C9                   IBUF (Prop_ibuf_I_O)         1.503     1.503 f  reset_IBUF_inst/O
                         net (fo=3087, routed)       20.334    21.837    system_wrapper/security_core/cpu/cpu/reset_IBUF
    SLICE_X40Y65         LUT2 (Prop_lut2_I1_O)        0.124    21.961 r  system_wrapper/security_core/cpu/cpu/cpu_state[5]_i_1/O
                         net (fo=4, routed)           0.964    22.925    system_wrapper/security_core/cpu/cpu/cpu_state[5]_i_1_n_0
    SLICE_X42Y62         LUT6 (Prop_lut6_I3_O)        0.124    23.049 f  system_wrapper/security_core/cpu/cpu/cpuregs_reg_r1_0_31_0_5_i_8/O
                         net (fo=1, routed)           1.181    24.230    system_wrapper/security_core/cpu/cpu/cpuregs_reg_r1_0_31_0_5_i_8_n_0
    SLICE_X44Y60         LUT6 (Prop_lut6_I5_O)        0.124    24.354 r  system_wrapper/security_core/cpu/cpu/cpuregs_reg_r1_0_31_0_5_i_1/O
                         net (fo=88, routed)          1.754    26.108    system_wrapper/security_core/cpu/cpu/cpuregs_reg_r2_0_31_0_5/WE
    SLICE_X42Y51         RAMD32                                       r  system_wrapper/security_core/cpu/cpu/cpuregs_reg_r2_0_31_0_5/RAMA/WE
  -------------------------------------------------------------------    -------------------

                         (clock sys_clk rise edge)    0.000     0.000 r  
    D13                                               0.000     0.000 r  clk_24mhz (IN)
                         net (fo=0)                   0.000     0.000    clk_24mhz
    D13                  IBUF (Prop_ibuf_I_O)         1.424     1.424 r  clk_24mhz_IBUF_inst/O
                         net (fo=1, routed)           1.868     3.292    clk_24mhz_IBUF
    BUFGCTRL_X0Y16       BUFG (Prop_bufg_I_O)         0.091     3.383 r  clk_24mhz_IBUF_BUFG_inst/O
                         net (fo=4073, routed)        1.435     4.817    system_wrapper/security_core/cpu/cpu/cpuregs_reg_r2_0_31_0_5/WCLK
    SLICE_X42Y51         RAMD32                                       r  system_wrapper/security_core/cpu/cpu/cpuregs_reg_r2_0_31_0_5/RAMA/CLK

Slack:                    inf
  Source:                 reset
                            (input port)
  Destination:            system_wrapper/security_core/cpu/cpu/cpuregs_reg_r2_0_31_0_5/RAMA_D1/WE
                            (rising edge-triggered cell RAMD32 clocked by sys_clk  {rise@0.000ns fall@20.833ns period=41.667ns})
  Path Group:             (none)
  Path Type:              Setup (Max at Slow Process Corner)
  Data Path Delay:        26.108ns  (logic 1.875ns (7.183%)  route 24.233ns (92.817%))
  Logic Levels:           4  (IBUF=1 LUT2=1 LUT6=2)
  Clock Path Skew:        4.817ns (DCD - SCD + CPR)
    Destination Clock Delay (DCD):    4.817ns
    Source Clock Delay      (SCD):    0.000ns
    Clock Pessimism Removal (CPR):    0.000ns
  Clock Uncertainty:      0.025ns  ((TSJ^2 + TIJ^2)^1/2 + DJ) / 2 + PE
    Total System Jitter     (TSJ):    0.050ns
    Total Input Jitter      (TIJ):    0.000ns
    Discrete Jitter          (DJ):    0.000ns
    Phase Error              (PE):    0.000ns
  Timing Exception:       False Path

    Location             Delay type                Incr(ns)  Path(ns)    Netlist Resource(s)
  -------------------------------------------------------------------    -------------------
    C9                                                0.000     0.000 f  reset (IN)
                         net (fo=0)                   0.000     0.000    reset
    C9                   IBUF (Prop_ibuf_I_O)         1.503     1.503 f  reset_IBUF_inst/O
                         net (fo=3087, routed)       20.334    21.837    system_wrapper/security_core/cpu/cpu/reset_IBUF
    SLICE_X40Y65         LUT2 (Prop_lut2_I1_O)        0.124    21.961 r  system_wrapper/security_core/cpu/cpu/cpu_state[5]_i_1/O
                         net (fo=4, routed)           0.964    22.925    system_wrapper/security_core/cpu/cpu/cpu_state[5]_i_1_n_0
    SLICE_X42Y62         LUT6 (Prop_lut6_I3_O)        0.124    23.049 f  system_wrapper/security_core/cpu/cpu/cpuregs_reg_r1_0_31_0_5_i_8/O
                         net (fo=1, routed)           1.181    24.230    system_wrapper/security_core/cpu/cpu/cpuregs_reg_r1_0_31_0_5_i_8_n_0
    SLICE_X44Y60         LUT6 (Prop_lut6_I5_O)        0.124    24.354 r  system_wrapper/security_core/cpu/cpu/cpuregs_reg_r1_0_31_0_5_i_1/O
                         net (fo=88, routed)          1.754    26.108    system_wrapper/security_core/cpu/cpu/cpuregs_reg_r2_0_31_0_5/WE
    SLICE_X42Y51         RAMD32                                       r  system_wrapper/security_core/cpu/cpu/cpuregs_reg_r2_0_31_0_5/RAMA_D1/WE
  -------------------------------------------------------------------    -------------------

                         (clock sys_clk rise edge)    0.000     0.000 r  
    D13                                               0.000     0.000 r  clk_24mhz (IN)
                         net (fo=0)                   0.000     0.000    clk_24mhz
    D13                  IBUF (Prop_ibuf_I_O)         1.424     1.424 r  clk_24mhz_IBUF_inst/O
                         net (fo=1, routed)           1.868     3.292    clk_24mhz_IBUF
    BUFGCTRL_X0Y16       BUFG (Prop_bufg_I_O)         0.091     3.383 r  clk_24mhz_IBUF_BUFG_inst/O
                         net (fo=4073, routed)        1.435     4.817    system_wrapper/security_core/cpu/cpu/cpuregs_reg_r2_0_31_0_5/WCLK
    SLICE_X42Y51         RAMD32                                       r  system_wrapper/security_core/cpu/cpu/cpuregs_reg_r2_0_31_0_5/RAMA_D1/CLK

Slack:                    inf
  Source:                 reset
                            (input port)
  Destination:            system_wrapper/security_core/cpu/cpu/cpuregs_reg_r2_0_31_0_5/RAMB/WE
                            (rising edge-triggered cell RAMD32 clocked by sys_clk  {rise@0.000ns fall@20.833ns period=41.667ns})
  Path Group:             (none)
  Path Type:              Setup (Max at Slow Process Corner)
  Data Path Delay:        26.108ns  (logic 1.875ns (7.183%)  route 24.233ns (92.817%))
  Logic Levels:           4  (IBUF=1 LUT2=1 LUT6=2)
  Clock Path Skew:        4.817ns (DCD - SCD + CPR)
    Destination Clock Delay (DCD):    4.817ns
    Source Clock Delay      (SCD):    0.000ns
    Clock Pessimism Removal (CPR):    0.000ns
  Clock Uncertainty:      0.025ns  ((TSJ^2 + TIJ^2)^1/2 + DJ) / 2 + PE
    Total System Jitter     (TSJ):    0.050ns
    Total Input Jitter      (TIJ):    0.000ns
    Discrete Jitter          (DJ):    0.000ns
    Phase Error              (PE):    0.000ns
  Timing Exception:       False Path

    Location             Delay type                Incr(ns)  Path(ns)    Netlist Resource(s)
  -------------------------------------------------------------------    -------------------
    C9                                                0.000     0.000 f  reset (IN)
                         net (fo=0)                   0.000     0.000    reset
    C9                   IBUF (Prop_ibuf_I_O)         1.503     1.503 f  reset_IBUF_inst/O
                         net (fo=3087, routed)       20.334    21.837    system_wrapper/security_core/cpu/cpu/reset_IBUF
    SLICE_X40Y65         LUT2 (Prop_lut2_I1_O)        0.124    21.961 r  system_wrapper/security_core/cpu/cpu/cpu_state[5]_i_1/O
                         net (fo=4, routed)           0.964    22.925    system_wrapper/security_core/cpu/cpu/cpu_state[5]_i_1_n_0
    SLICE_X42Y62         LUT6 (Prop_lut6_I3_O)        0.124    23.049 f  system_wrapper/security_core/cpu/cpu/cpuregs_reg_r1_0_31_0_5_i_8/O
                         net (fo=1, routed)           1.181    24.230    system_wrapper/security_core/cpu/cpu/cpuregs_reg_r1_0_31_0_5_i_8_n_0
    SLICE_X44Y60         LUT6 (Prop_lut6_I5_O)        0.124    24.354 r  system_wrapper/security_core/cpu/cpu/cpuregs_reg_r1_0_31_0_5_i_1/O
                         net (fo=88, routed)          1.754    26.108    system_wrapper/security_core/cpu/cpu/cpuregs_reg_r2_0_31_0_5/WE
    SLICE_X42Y51         RAMD32                                       r  system_wrapper/security_core/cpu/cpu/cpuregs_reg_r2_0_31_0_5/RAMB/WE
  -------------------------------------------------------------------    -------------------

                         (clock sys_clk rise edge)    0.000     0.000 r  
    D13                                               0.000     0.000 r  clk_24mhz (IN)
                         net (fo=0)                   0.000     0.000    clk_24mhz
    D13                  IBUF (Prop_ibuf_I_O)         1.424     1.424 r  clk_24mhz_IBUF_inst/O
                         net (fo=1, routed)           1.868     3.292    clk_24mhz_IBUF
    BUFGCTRL_X0Y16       BUFG (Prop_bufg_I_O)         0.091     3.383 r  clk_24mhz_IBUF_BUFG_inst/O
                         net (fo=4073, routed)        1.435     4.817    system_wrapper/security_core/cpu/cpu/cpuregs_reg_r2_0_31_0_5/WCLK
    SLICE_X42Y51         RAMD32                                       r  system_wrapper/security_core/cpu/cpu/cpuregs_reg_r2_0_31_0_5/RAMB/CLK

Slack:                    inf
  Source:                 reset
                            (input port)
  Destination:            system_wrapper/security_core/cpu/cpu/cpuregs_reg_r2_0_31_0_5/RAMB_D1/WE
                            (rising edge-triggered cell RAMD32 clocked by sys_clk  {rise@0.000ns fall@20.833ns period=41.667ns})
  Path Group:             (none)
  Path Type:              Setup (Max at Slow Process Corner)
  Data Path Delay:        26.108ns  (logic 1.875ns (7.183%)  route 24.233ns (92.817%))
  Logic Levels:           4  (IBUF=1 LUT2=1 LUT6=2)
  Clock Path Skew:        4.817ns (DCD - SCD + CPR)
    Destination Clock Delay (DCD):    4.817ns
    Source Clock Delay      (SCD):    0.000ns
    Clock Pessimism Removal (CPR):    0.000ns
  Clock Uncertainty:      0.025ns  ((TSJ^2 + TIJ^2)^1/2 + DJ) / 2 + PE
    Total System Jitter     (TSJ):    0.050ns
    Total Input Jitter      (TIJ):    0.000ns
    Discrete Jitter          (DJ):    0.000ns
    Phase Error              (PE):    0.000ns
  Timing Exception:       False Path

    Location             Delay type                Incr(ns)  Path(ns)    Netlist Resource(s)
  -------------------------------------------------------------------    -------------------
    C9                                                0.000     0.000 f  reset (IN)
                         net (fo=0)                   0.000     0.000    reset
    C9                   IBUF (Prop_ibuf_I_O)         1.503     1.503 f  reset_IBUF_inst/O
                         net (fo=3087, routed)       20.334    21.837    system_wrapper/security_core/cpu/cpu/reset_IBUF
    SLICE_X40Y65         LUT2 (Prop_lut2_I1_O)        0.124    21.961 r  system_wrapper/security_core/cpu/cpu/cpu_state[5]_i_1/O
                         net (fo=4, routed)           0.964    22.925    system_wrapper/security_core/cpu/cpu/cpu_state[5]_i_1_n_0
    SLICE_X42Y62         LUT6 (Prop_lut6_I3_O)        0.124    23.049 f  system_wrapper/security_core/cpu/cpu/cpuregs_reg_r1_0_31_0_5_i_8/O
                         net (fo=1, routed)           1.181    24.230    system_wrapper/security_core/cpu/cpu/cpuregs_reg_r1_0_31_0_5_i_8_n_0
    SLICE_X44Y60         LUT6 (Prop_lut6_I5_O)        0.124    24.354 r  system_wrapper/security_core/cpu/cpu/cpuregs_reg_r1_0_31_0_5_i_1/O
                         net (fo=88, routed)          1.754    26.108    system_wrapper/security_core/cpu/cpu/cpuregs_reg_r2_0_31_0_5/WE
    SLICE_X42Y51         RAMD32                                       r  system_wrapper/security_core/cpu/cpu/cpuregs_reg_r2_0_31_0_5/RAMB_D1/WE
  -------------------------------------------------------------------    -------------------

                         (clock sys_clk rise edge)    0.000     0.000 r  
    D13                                               0.000     0.000 r  clk_24mhz (IN)
                         net (fo=0)                   0.000     0.000    clk_24mhz
    D13                  IBUF (Prop_ibuf_I_O)         1.424     1.424 r  clk_24mhz_IBUF_inst/O
                         net (fo=1, routed)           1.868     3.292    clk_24mhz_IBUF
    BUFGCTRL_X0Y16       BUFG (Prop_bufg_I_O)         0.091     3.383 r  clk_24mhz_IBUF_BUFG_inst/O
                         net (fo=4073, routed)        1.435     4.817    system_wrapper/security_core/cpu/cpu/cpuregs_reg_r2_0_31_0_5/WCLK
    SLICE_X42Y51         RAMD32                                       r  system_wrapper/security_core/cpu/cpu/cpuregs_reg_r2_0_31_0_5/RAMB_D1/CLK

Slack:                    inf
  Source:                 reset
                            (input port)
  Destination:            system_wrapper/security_core/cpu/cpu/cpuregs_reg_r2_0_31_0_5/RAMC/WE
                            (rising edge-triggered cell RAMD32 clocked by sys_clk  {rise@0.000ns fall@20.833ns period=41.667ns})
  Path Group:             (none)
  Path Type:              Setup (Max at Slow Process Corner)
  Data Path Delay:        26.108ns  (logic 1.875ns (7.183%)  route 24.233ns (92.817%))
  Logic Levels:           4  (IBUF=1 LUT2=1 LUT6=2)
  Clock Path Skew:        4.817ns (DCD - SCD + CPR)
    Destination Clock Delay (DCD):    4.817ns
    Source Clock Delay      (SCD):    0.000ns
    Clock Pessimism Removal (CPR):    0.000ns
  Clock Uncertainty:      0.025ns  ((TSJ^2 + TIJ^2)^1/2 + DJ) / 2 + PE
    Total System Jitter     (TSJ):    0.050ns
    Total Input Jitter      (TIJ):    0.000ns
    Discrete Jitter          (DJ):    0.000ns
    Phase Error              (PE):    0.000ns
  Timing Exception:       False Path

    Location             Delay type                Incr(ns)  Path(ns)    Netlist Resource(s)
  -------------------------------------------------------------------    -------------------
    C9                                                0.000     0.000 f  reset (IN)
                         net (fo=0)                   0.000     0.000    reset
    C9                   IBUF (Prop_ibuf_I_O)         1.503     1.503 f  reset_IBUF_inst/O
                         net (fo=3087, routed)       20.334    21.837    system_wrapper/security_core/cpu/cpu/reset_IBUF
    SLICE_X40Y65         LUT2 (Prop_lut2_I1_O)        0.124    21.961 r  system_wrapper/security_core/cpu/cpu/cpu_state[5]_i_1/O
                         net (fo=4, routed)           0.964    22.925    system_wrapper/security_core/cpu/cpu/cpu_state[5]_i_1_n_0
    SLICE_X42Y62         LUT6 (Prop_lut6_I3_O)        0.124    23.049 f  system_wrapper/security_core/cpu/cpu/cpuregs_reg_r1_0_31_0_5_i_8/O
                         net (fo=1, routed)           1.181    24.230    system_wrapper/security_core/cpu/cpu/cpuregs_reg_r1_0_31_0_5_i_8_n_0
    SLICE_X44Y60         LUT6 (Prop_lut6_I5_O)        0.124    24.354 r  system_wrapper/security_core/cpu/cpu/cpuregs_reg_r1_0_31_0_5_i_1/O
                         net (fo=88, routed)          1.754    26.108    system_wrapper/security_core/cpu/cpu/cpuregs_reg_r2_0_31_0_5/WE
    SLICE_X42Y51         RAMD32                                       r  system_wrapper/security_core/cpu/cpu/cpuregs_reg_r2_0_31_0_5/RAMC/WE
  -------------------------------------------------------------------    -------------------

                         (clock sys_clk rise edge)    0.000     0.000 r  
    D13                                               0.000     0.000 r  clk_24mhz (IN)
                         net (fo=0)                   0.000     0.000    clk_24mhz
    D13                  IBUF (Prop_ibuf_I_O)         1.424     1.424 r  clk_24mhz_IBUF_inst/O
                         net (fo=1, routed)           1.868     3.292    clk_24mhz_IBUF
    BUFGCTRL_X0Y16       BUFG (Prop_bufg_I_O)         0.091     3.383 r  clk_24mhz_IBUF_BUFG_inst/O
                         net (fo=4073, routed)        1.435     4.817    system_wrapper/security_core/cpu/cpu/cpuregs_reg_r2_0_31_0_5/WCLK
    SLICE_X42Y51         RAMD32                                       r  system_wrapper/security_core/cpu/cpu/cpuregs_reg_r2_0_31_0_5/RAMC/CLK

Slack:                    inf
  Source:                 reset
                            (input port)
  Destination:            system_wrapper/security_core/cpu/cpu/cpuregs_reg_r2_0_31_0_5/RAMC_D1/WE
                            (rising edge-triggered cell RAMD32 clocked by sys_clk  {rise@0.000ns fall@20.833ns period=41.667ns})
  Path Group:             (none)
  Path Type:              Setup (Max at Slow Process Corner)
  Data Path Delay:        26.108ns  (logic 1.875ns (7.183%)  route 24.233ns (92.817%))
  Logic Levels:           4  (IBUF=1 LUT2=1 LUT6=2)
  Clock Path Skew:        4.817ns (DCD - SCD + CPR)
    Destination Clock Delay (DCD):    4.817ns
    Source Clock Delay      (SCD):    0.000ns
    Clock Pessimism Removal (CPR):    0.000ns
  Clock Uncertainty:      0.025ns  ((TSJ^2 + TIJ^2)^1/2 + DJ) / 2 + PE
    Total System Jitter     (TSJ):    0.050ns
    Total Input Jitter      (TIJ):    0.000ns
    Discrete Jitter          (DJ):    0.000ns
    Phase Error              (PE):    0.000ns
  Timing Exception:       False Path

    Location             Delay type                Incr(ns)  Path(ns)    Netlist Resource(s)
  -------------------------------------------------------------------    -------------------
    C9                                                0.000     0.000 f  reset (IN)
                         net (fo=0)                   0.000     0.000    reset
    C9                   IBUF (Prop_ibuf_I_O)         1.503     1.503 f  reset_IBUF_inst/O
                         net (fo=3087, routed)       20.334    21.837    system_wrapper/security_core/cpu/cpu/reset_IBUF
    SLICE_X40Y65         LUT2 (Prop_lut2_I1_O)        0.124    21.961 r  system_wrapper/security_core/cpu/cpu/cpu_state[5]_i_1/O
                         net (fo=4, routed)           0.964    22.925    system_wrapper/security_core/cpu/cpu/cpu_state[5]_i_1_n_0
    SLICE_X42Y62         LUT6 (Prop_lut6_I3_O)        0.124    23.049 f  system_wrapper/security_core/cpu/cpu/cpuregs_reg_r1_0_31_0_5_i_8/O
                         net (fo=1, routed)           1.181    24.230    system_wrapper/security_core/cpu/cpu/cpuregs_reg_r1_0_31_0_5_i_8_n_0
    SLICE_X44Y60         LUT6 (Prop_lut6_I5_O)        0.124    24.354 r  system_wrapper/security_core/cpu/cpu/cpuregs_reg_r1_0_31_0_5_i_1/O
                         net (fo=88, routed)          1.754    26.108    system_wrapper/security_core/cpu/cpu/cpuregs_reg_r2_0_31_0_5/WE
    SLICE_X42Y51         RAMD32                                       r  system_wrapper/security_core/cpu/cpu/cpuregs_reg_r2_0_31_0_5/RAMC_D1/WE
  -------------------------------------------------------------------    -------------------

                         (clock sys_clk rise edge)    0.000     0.000 r  
    D13                                               0.000     0.000 r  clk_24mhz (IN)
                         net (fo=0)                   0.000     0.000    clk_24mhz
    D13                  IBUF (Prop_ibuf_I_O)         1.424     1.424 r  clk_24mhz_IBUF_inst/O
                         net (fo=1, routed)           1.868     3.292    clk_24mhz_IBUF
    BUFGCTRL_X0Y16       BUFG (Prop_bufg_I_O)         0.091     3.383 r  clk_24mhz_IBUF_BUFG_inst/O
                         net (fo=4073, routed)        1.435     4.817    system_wrapper/security_core/cpu/cpu/cpuregs_reg_r2_0_31_0_5/WCLK
    SLICE_X42Y51         RAMD32                                       r  system_wrapper/security_core/cpu/cpu/cpuregs_reg_r2_0_31_0_5/RAMC_D1/CLK

Slack:                    inf
  Source:                 reset
                            (input port)
  Destination:            system_wrapper/security_core/cpu/cpu/cpuregs_reg_r2_0_31_0_5/RAMD/WE
                            (rising edge-triggered cell RAMS32 clocked by sys_clk  {rise@0.000ns fall@20.833ns period=41.667ns})
  Path Group:             (none)
  Path Type:              Setup (Max at Slow Process Corner)
  Data Path Delay:        26.108ns  (logic 1.875ns (7.183%)  route 24.233ns (92.817%))
  Logic Levels:           4  (IBUF=1 LUT2=1 LUT6=2)
  Clock Path Skew:        4.817ns (DCD - SCD + CPR)
    Destination Clock Delay (DCD):    4.817ns
    Source Clock Delay      (SCD):    0.000ns
    Clock Pessimism Removal (CPR):    0.000ns
  Clock Uncertainty:      0.025ns  ((TSJ^2 + TIJ^2)^1/2 + DJ) / 2 + PE
    Total System Jitter     (TSJ):    0.050ns
    Total Input Jitter      (TIJ):    0.000ns
    Discrete Jitter          (DJ):    0.000ns
    Phase Error              (PE):    0.000ns
  Timing Exception:       False Path

    Location             Delay type                Incr(ns)  Path(ns)    Netlist Resource(s)
  -------------------------------------------------------------------    -------------------
    C9                                                0.000     0.000 f  reset (IN)
                         net (fo=0)                   0.000     0.000    reset
    C9                   IBUF (Prop_ibuf_I_O)         1.503     1.503 f  reset_IBUF_inst/O
                         net (fo=3087, routed)       20.334    21.837    system_wrapper/security_core/cpu/cpu/reset_IBUF
    SLICE_X40Y65         LUT2 (Prop_lut2_I1_O)        0.124    21.961 r  system_wrapper/security_core/cpu/cpu/cpu_state[5]_i_1/O
                         net (fo=4, routed)           0.964    22.925    system_wrapper/security_core/cpu/cpu/cpu_state[5]_i_1_n_0
    SLICE_X42Y62         LUT6 (Prop_lut6_I3_O)        0.124    23.049 f  system_wrapper/security_core/cpu/cpu/cpuregs_reg_r1_0_31_0_5_i_8/O
                         net (fo=1, routed)           1.181    24.230    system_wrapper/security_core/cpu/cpu/cpuregs_reg_r1_0_31_0_5_i_8_n_0
    SLICE_X44Y60         LUT6 (Prop_lut6_I5_O)        0.124    24.354 r  system_wrapper/security_core/cpu/cpu/cpuregs_reg_r1_0_31_0_5_i_1/O
                         net (fo=88, routed)          1.754    26.108    system_wrapper/security_core/cpu/cpu/cpuregs_reg_r2_0_31_0_5/WE
    SLICE_X42Y51         RAMS32                                       r  system_wrapper/security_core/cpu/cpu/cpuregs_reg_r2_0_31_0_5/RAMD/WE
  -------------------------------------------------------------------    -------------------

                         (clock sys_clk rise edge)    0.000     0.000 r  
    D13                                               0.000     0.000 r  clk_24mhz (IN)
                         net (fo=0)                   0.000     0.000    clk_24mhz
    D13                  IBUF (Prop_ibuf_I_O)         1.424     1.424 r  clk_24mhz_IBUF_inst/O
                         net (fo=1, routed)           1.868     3.292    clk_24mhz_IBUF
    BUFGCTRL_X0Y16       BUFG (Prop_bufg_I_O)         0.091     3.383 r  clk_24mhz_IBUF_BUFG_inst/O
                         net (fo=4073, routed)        1.435     4.817    system_wrapper/security_core/cpu/cpu/cpuregs_reg_r2_0_31_0_5/WCLK
    SLICE_X42Y51         RAMS32                                       r  system_wrapper/security_core/cpu/cpu/cpuregs_reg_r2_0_31_0_5/RAMD/CLK

Slack:                    inf
  Source:                 reset
                            (input port)
  Destination:            system_wrapper/security_core/cpu/cpu/cpuregs_reg_r2_0_31_0_5/RAMD_D1/WE
                            (rising edge-triggered cell RAMS32 clocked by sys_clk  {rise@0.000ns fall@20.833ns period=41.667ns})
  Path Group:             (none)
  Path Type:              Setup (Max at Slow Process Corner)
  Data Path Delay:        26.108ns  (logic 1.875ns (7.183%)  route 24.233ns (92.817%))
  Logic Levels:           4  (IBUF=1 LUT2=1 LUT6=2)
  Clock Path Skew:        4.817ns (DCD - SCD + CPR)
    Destination Clock Delay (DCD):    4.817ns
    Source Clock Delay      (SCD):    0.000ns
    Clock Pessimism Removal (CPR):    0.000ns
  Clock Uncertainty:      0.025ns  ((TSJ^2 + TIJ^2)^1/2 + DJ) / 2 + PE
    Total System Jitter     (TSJ):    0.050ns
    Total Input Jitter      (TIJ):    0.000ns
    Discrete Jitter          (DJ):    0.000ns
    Phase Error              (PE):    0.000ns
  Timing Exception:       False Path

    Location             Delay type                Incr(ns)  Path(ns)    Netlist Resource(s)
  -------------------------------------------------------------------    -------------------
    C9                                                0.000     0.000 f  reset (IN)
                         net (fo=0)                   0.000     0.000    reset
    C9                   IBUF (Prop_ibuf_I_O)         1.503     1.503 f  reset_IBUF_inst/O
                         net (fo=3087, routed)       20.334    21.837    system_wrapper/security_core/cpu/cpu/reset_IBUF
    SLICE_X40Y65         LUT2 (Prop_lut2_I1_O)        0.124    21.961 r  system_wrapper/security_core/cpu/cpu/cpu_state[5]_i_1/O
                         net (fo=4, routed)           0.964    22.925    system_wrapper/security_core/cpu/cpu/cpu_state[5]_i_1_n_0
    SLICE_X42Y62         LUT6 (Prop_lut6_I3_O)        0.124    23.049 f  system_wrapper/security_core/cpu/cpu/cpuregs_reg_r1_0_31_0_5_i_8/O
                         net (fo=1, routed)           1.181    24.230    system_wrapper/security_core/cpu/cpu/cpuregs_reg_r1_0_31_0_5_i_8_n_0
    SLICE_X44Y60         LUT6 (Prop_lut6_I5_O)        0.124    24.354 r  system_wrapper/security_core/cpu/cpu/cpuregs_reg_r1_0_31_0_5_i_1/O
                         net (fo=88, routed)          1.754    26.108    system_wrapper/security_core/cpu/cpu/cpuregs_reg_r2_0_31_0_5/WE
    SLICE_X42Y51         RAMS32                                       r  system_wrapper/security_core/cpu/cpu/cpuregs_reg_r2_0_31_0_5/RAMD_D1/WE
  -------------------------------------------------------------------    -------------------

                         (clock sys_clk rise edge)    0.000     0.000 r  
    D13                                               0.000     0.000 r  clk_24mhz (IN)
                         net (fo=0)                   0.000     0.000    clk_24mhz
    D13                  IBUF (Prop_ibuf_I_O)         1.424     1.424 r  clk_24mhz_IBUF_inst/O
                         net (fo=1, routed)           1.868     3.292    clk_24mhz_IBUF
    BUFGCTRL_X0Y16       BUFG (Prop_bufg_I_O)         0.091     3.383 r  clk_24mhz_IBUF_BUFG_inst/O
                         net (fo=4073, routed)        1.435     4.817    system_wrapper/security_core/cpu/cpu/cpuregs_reg_r2_0_31_0_5/WCLK
    SLICE_X42Y51         RAMS32                                       r  system_wrapper/security_core/cpu/cpu/cpuregs_reg_r2_0_31_0_5/RAMD_D1/CLK

Slack:                    inf
  Source:                 reset
                            (input port)
  Destination:            system_wrapper/security_core/cpu/cpu/cpuregs_reg_r2_0_31_6_11/RAMA/WE
                            (rising edge-triggered cell RAMD32 clocked by sys_clk  {rise@0.000ns fall@20.833ns period=41.667ns})
  Path Group:             (none)
  Path Type:              Setup (Max at Slow Process Corner)
  Data Path Delay:        25.957ns  (logic 1.875ns (7.225%)  route 24.082ns (92.775%))
  Logic Levels:           4  (IBUF=1 LUT2=1 LUT6=2)
  Clock Path Skew:        4.815ns (DCD - SCD + CPR)
    Destination Clock Delay (DCD):    4.815ns
    Source Clock Delay      (SCD):    0.000ns
    Clock Pessimism Removal (CPR):    0.000ns
  Clock Uncertainty:      0.025ns  ((TSJ^2 + TIJ^2)^1/2 + DJ) / 2 + PE
    Total System Jitter     (TSJ):    0.050ns
    Total Input Jitter      (TIJ):    0.000ns
    Discrete Jitter          (DJ):    0.000ns
    Phase Error              (PE):    0.000ns
  Timing Exception:       False Path

    Location             Delay type                Incr(ns)  Path(ns)    Netlist Resource(s)
  -------------------------------------------------------------------    -------------------
    C9                                                0.000     0.000 f  reset (IN)
                         net (fo=0)                   0.000     0.000    reset
    C9                   IBUF (Prop_ibuf_I_O)         1.503     1.503 f  reset_IBUF_inst/O
                         net (fo=3087, routed)       20.334    21.837    system_wrapper/security_core/cpu/cpu/reset_IBUF
    SLICE_X40Y65         LUT2 (Prop_lut2_I1_O)        0.124    21.961 r  system_wrapper/security_core/cpu/cpu/cpu_state[5]_i_1/O
                         net (fo=4, routed)           0.964    22.925    system_wrapper/security_core/cpu/cpu/cpu_state[5]_i_1_n_0
    SLICE_X42Y62         LUT6 (Prop_lut6_I3_O)        0.124    23.049 f  system_wrapper/security_core/cpu/cpu/cpuregs_reg_r1_0_31_0_5_i_8/O
                         net (fo=1, routed)           1.181    24.230    system_wrapper/security_core/cpu/cpu/cpuregs_reg_r1_0_31_0_5_i_8_n_0
    SLICE_X44Y60         LUT6 (Prop_lut6_I5_O)        0.124    24.354 r  system_wrapper/security_core/cpu/cpu/cpuregs_reg_r1_0_31_0_5_i_1/O
                         net (fo=88, routed)          1.603    25.957    system_wrapper/security_core/cpu/cpu/cpuregs_reg_r2_0_31_6_11/WE
    SLICE_X38Y51         RAMD32                                       r  system_wrapper/security_core/cpu/cpu/cpuregs_reg_r2_0_31_6_11/RAMA/WE
  -------------------------------------------------------------------    -------------------

                         (clock sys_clk rise edge)    0.000     0.000 r  
    D13                                               0.000     0.000 r  clk_24mhz (IN)
                         net (fo=0)                   0.000     0.000    clk_24mhz
    D13                  IBUF (Prop_ibuf_I_O)         1.424     1.424 r  clk_24mhz_IBUF_inst/O
                         net (fo=1, routed)           1.868     3.292    clk_24mhz_IBUF
    BUFGCTRL_X0Y16       BUFG (Prop_bufg_I_O)         0.091     3.383 r  clk_24mhz_IBUF_BUFG_inst/O
                         net (fo=4073, routed)        1.433     4.815    system_wrapper/security_core/cpu/cpu/cpuregs_reg_r2_0_31_6_11/WCLK
    SLICE_X38Y51         RAMD32                                       r  system_wrapper/security_core/cpu/cpu/cpuregs_reg_r2_0_31_6_11/RAMA/CLK

Slack:                    inf
  Source:                 reset
                            (input port)
  Destination:            system_wrapper/security_core/cpu/cpu/cpuregs_reg_r2_0_31_6_11/RAMA_D1/WE
                            (rising edge-triggered cell RAMD32 clocked by sys_clk  {rise@0.000ns fall@20.833ns period=41.667ns})
  Path Group:             (none)
  Path Type:              Setup (Max at Slow Process Corner)
  Data Path Delay:        25.957ns  (logic 1.875ns (7.225%)  route 24.082ns (92.775%))
  Logic Levels:           4  (IBUF=1 LUT2=1 LUT6=2)
  Clock Path Skew:        4.815ns (DCD - SCD + CPR)
    Destination Clock Delay (DCD):    4.815ns
    Source Clock Delay      (SCD):    0.000ns
    Clock Pessimism Removal (CPR):    0.000ns
  Clock Uncertainty:      0.025ns  ((TSJ^2 + TIJ^2)^1/2 + DJ) / 2 + PE
    Total System Jitter     (TSJ):    0.050ns
    Total Input Jitter      (TIJ):    0.000ns
    Discrete Jitter          (DJ):    0.000ns
    Phase Error              (PE):    0.000ns
  Timing Exception:       False Path

    Location             Delay type                Incr(ns)  Path(ns)    Netlist Resource(s)
  -------------------------------------------------------------------    -------------------
    C9                                                0.000     0.000 f  reset (IN)
                         net (fo=0)                   0.000     0.000    reset
    C9                   IBUF (Prop_ibuf_I_O)         1.503     1.503 f  reset_IBUF_inst/O
                         net (fo=3087, routed)       20.334    21.837    system_wrapper/security_core/cpu/cpu/reset_IBUF
    SLICE_X40Y65         LUT2 (Prop_lut2_I1_O)        0.124    21.961 r  system_wrapper/security_core/cpu/cpu/cpu_state[5]_i_1/O
                         net (fo=4, routed)           0.964    22.925    system_wrapper/security_core/cpu/cpu/cpu_state[5]_i_1_n_0
    SLICE_X42Y62         LUT6 (Prop_lut6_I3_O)        0.124    23.049 f  system_wrapper/security_core/cpu/cpu/cpuregs_reg_r1_0_31_0_5_i_8/O
                         net (fo=1, routed)           1.181    24.230    system_wrapper/security_core/cpu/cpu/cpuregs_reg_r1_0_31_0_5_i_8_n_0
    SLICE_X44Y60         LUT6 (Prop_lut6_I5_O)        0.124    24.354 r  system_wrapper/security_core/cpu/cpu/cpuregs_reg_r1_0_31_0_5_i_1/O
                         net (fo=88, routed)          1.603    25.957    system_wrapper/security_core/cpu/cpu/cpuregs_reg_r2_0_31_6_11/WE
    SLICE_X38Y51         RAMD32                                       r  system_wrapper/security_core/cpu/cpu/cpuregs_reg_r2_0_31_6_11/RAMA_D1/WE
  -------------------------------------------------------------------    -------------------

                         (clock sys_clk rise edge)    0.000     0.000 r  
    D13                                               0.000     0.000 r  clk_24mhz (IN)
                         net (fo=0)                   0.000     0.000    clk_24mhz
    D13                  IBUF (Prop_ibuf_I_O)         1.424     1.424 r  clk_24mhz_IBUF_inst/O
                         net (fo=1, routed)           1.868     3.292    clk_24mhz_IBUF
    BUFGCTRL_X0Y16       BUFG (Prop_bufg_I_O)         0.091     3.383 r  clk_24mhz_IBUF_BUFG_inst/O
                         net (fo=4073, routed)        1.433     4.815    system_wrapper/security_core/cpu/cpu/cpuregs_reg_r2_0_31_6_11/WCLK
    SLICE_X38Y51         RAMD32                                       r  system_wrapper/security_core/cpu/cpu/cpuregs_reg_r2_0_31_6_11/RAMA_D1/CLK





Min Delay Paths
--------------------------------------------------------------------------------------
Slack:                    inf
  Source:                 dht11_data
                            (input port)
  Destination:            system_wrapper/peripherals/dht11/dht_in_sync1_reg/D
                            (rising edge-triggered cell FDRE clocked by sys_clk  {rise@0.000ns fall@20.833ns period=41.667ns})
  Path Group:             (none)
  Path Type:              Hold (Min at Fast Process Corner)
  Data Path Delay:        0.959ns  (logic 0.245ns (25.589%)  route 0.713ns (74.411%))
  Logic Levels:           1  (IBUF=1)
  Clock Path Skew:        2.003ns (DCD - SCD - CPR)
    Destination Clock Delay (DCD):    2.003ns
    Source Clock Delay      (SCD):    0.000ns
    Clock Pessimism Removal (CPR):    -0.000ns
  Timing Exception:       False Path

    Location             Delay type                Incr(ns)  Path(ns)    Netlist Resource(s)
  -------------------------------------------------------------------    -------------------
    M1                                                0.000     0.000 r  dht11_data (INOUT)
                         net (fo=1, unset)            0.000     0.000    dht11_data_IOBUF_inst/IO
    M1                   IBUF (Prop_ibuf_I_O)         0.245     0.245 r  dht11_data_IOBUF_inst/IBUF/O
                         net (fo=1, routed)           0.713     0.959    system_wrapper/peripherals/dht11/dht_in
    SLICE_X47Y44         FDRE                                         r  system_wrapper/peripherals/dht11/dht_in_sync1_reg/D
  -------------------------------------------------------------------    -------------------

                         (clock sys_clk rise edge)    0.000     0.000 r  
    D13                                               0.000     0.000 r  clk_24mhz (IN)
                         net (fo=0)                   0.000     0.000    clk_24mhz
    D13                  IBUF (Prop_ibuf_I_O)         0.450     0.450 r  clk_24mhz_IBUF_inst/O
                         net (fo=1, routed)           0.689     1.139    clk_24mhz_IBUF
    BUFGCTRL_X0Y16       BUFG (Prop_bufg_I_O)         0.029     1.168 r  clk_24mhz_IBUF_BUFG_inst/O
                         net (fo=4073, routed)        0.836     2.003    system_wrapper/peripherals/dht11/clk_24mhz_IBUF_BUFG
    SLICE_X47Y44         FDRE                                         r  system_wrapper/peripherals/dht11/dht_in_sync1_reg/C

Slack:                    inf
  Source:                 hc_sr04_echo
                            (input port)
  Destination:            system_wrapper/peripherals/hc_sr04/echo_sync1_reg/D
                            (rising edge-triggered cell FDRE clocked by sys_clk  {rise@0.000ns fall@20.833ns period=41.667ns})
  Path Group:             (none)
  Path Type:              Hold (Min at Fast Process Corner)
  Data Path Delay:        0.997ns  (logic 0.251ns (25.227%)  route 0.745ns (74.773%))
  Logic Levels:           1  (IBUF=1)
  Clock Path Skew:        2.004ns (DCD - SCD - CPR)
    Destination Clock Delay (DCD):    2.004ns
    Source Clock Delay      (SCD):    0.000ns
    Clock Pessimism Removal (CPR):    -0.000ns
  Timing Exception:       False Path

    Location             Delay type                Incr(ns)  Path(ns)    Netlist Resource(s)
  -------------------------------------------------------------------    -------------------
    M2                                                0.000     0.000 r  hc_sr04_echo (IN)
                         net (fo=0)                   0.000     0.000    hc_sr04_echo
    M2                   IBUF (Prop_ibuf_I_O)         0.251     0.251 r  hc_sr04_echo_IBUF_inst/O
                         net (fo=1, routed)           0.745     0.997    system_wrapper/peripherals/hc_sr04/hc_sr04_echo
    SLICE_X46Y48         FDRE                                         r  system_wrapper/peripherals/hc_sr04/echo_sync1_reg/D
  -------------------------------------------------------------------    -------------------

                         (clock sys_clk rise edge)    0.000     0.000 r  
    D13                                               0.000     0.000 r  clk_24mhz (IN)
                         net (fo=0)                   0.000     0.000    clk_24mhz
    D13                  IBUF (Prop_ibuf_I_O)         0.450     0.450 r  clk_24mhz_IBUF_inst/O
                         net (fo=1, routed)           0.689     1.139    clk_24mhz_IBUF
    BUFGCTRL_X0Y16       BUFG (Prop_bufg_I_O)         0.029     1.168 r  clk_24mhz_IBUF_BUFG_inst/O
                         net (fo=4073, routed)        0.837     2.004    system_wrapper/peripherals/hc_sr04/clk_24mhz_IBUF_BUFG
    SLICE_X46Y48         FDRE                                         r  system_wrapper/peripherals/hc_sr04/echo_sync1_reg/C

Slack:                    inf
  Source:                 reset
                            (input port)
  Destination:            system_wrapper/peripherals/sd_init/response_tries_reg[0]/R
                            (rising edge-triggered cell FDRE clocked by sys_clk  {rise@0.000ns fall@20.833ns period=41.667ns})
  Path Group:             (none)
  Path Type:              Hold (Min at Fast Process Corner)
  Data Path Delay:        1.354ns  (logic 0.271ns (20.018%)  route 1.083ns (79.982%))
  Logic Levels:           1  (IBUF=1)
  Clock Path Skew:        1.993ns (DCD - SCD - CPR)
    Destination Clock Delay (DCD):    1.993ns
    Source Clock Delay      (SCD):    0.000ns
    Clock Pessimism Removal (CPR):    -0.000ns
  Timing Exception:       False Path

    Location             Delay type                Incr(ns)  Path(ns)    Netlist Resource(s)
  -------------------------------------------------------------------    -------------------
    C9                                                0.000     0.000 r  reset (IN)
                         net (fo=0)                   0.000     0.000    reset
    C9                   IBUF (Prop_ibuf_I_O)         0.271     0.271 r  reset_IBUF_inst/O
                         net (fo=3087, routed)        1.083     1.354    system_wrapper/peripherals/sd_init/reset_IBUF
    SLICE_X14Y65         FDRE                                         r  system_wrapper/peripherals/sd_init/response_tries_reg[0]/R
  -------------------------------------------------------------------    -------------------

                         (clock sys_clk rise edge)    0.000     0.000 r  
    D13                                               0.000     0.000 r  clk_24mhz (IN)
                         net (fo=0)                   0.000     0.000    clk_24mhz
    D13                  IBUF (Prop_ibuf_I_O)         0.450     0.450 r  clk_24mhz_IBUF_inst/O
                         net (fo=1, routed)           0.689     1.139    clk_24mhz_IBUF
    BUFGCTRL_X0Y16       BUFG (Prop_bufg_I_O)         0.029     1.168 r  clk_24mhz_IBUF_BUFG_inst/O
                         net (fo=4073, routed)        0.826     1.993    system_wrapper/peripherals/sd_init/clk_24mhz_IBUF_BUFG
    SLICE_X14Y65         FDRE                                         r  system_wrapper/peripherals/sd_init/response_tries_reg[0]/C

Slack:                    inf
  Source:                 reset
                            (input port)
  Destination:            system_wrapper/peripherals/sd_init/response_tries_reg[1]/R
                            (rising edge-triggered cell FDRE clocked by sys_clk  {rise@0.000ns fall@20.833ns period=41.667ns})
  Path Group:             (none)
  Path Type:              Hold (Min at Fast Process Corner)
  Data Path Delay:        1.354ns  (logic 0.271ns (20.018%)  route 1.083ns (79.982%))
  Logic Levels:           1  (IBUF=1)
  Clock Path Skew:        1.993ns (DCD - SCD - CPR)
    Destination Clock Delay (DCD):    1.993ns
    Source Clock Delay      (SCD):    0.000ns
    Clock Pessimism Removal (CPR):    -0.000ns
  Timing Exception:       False Path

    Location             Delay type                Incr(ns)  Path(ns)    Netlist Resource(s)
  -------------------------------------------------------------------    -------------------
    C9                                                0.000     0.000 r  reset (IN)
                         net (fo=0)                   0.000     0.000    reset
    C9                   IBUF (Prop_ibuf_I_O)         0.271     0.271 r  reset_IBUF_inst/O
                         net (fo=3087, routed)        1.083     1.354    system_wrapper/peripherals/sd_init/reset_IBUF
    SLICE_X14Y65         FDRE                                         r  system_wrapper/peripherals/sd_init/response_tries_reg[1]/R
  -------------------------------------------------------------------    -------------------

                         (clock sys_clk rise edge)    0.000     0.000 r  
    D13                                               0.000     0.000 r  clk_24mhz (IN)
                         net (fo=0)                   0.000     0.000    clk_24mhz
    D13                  IBUF (Prop_ibuf_I_O)         0.450     0.450 r  clk_24mhz_IBUF_inst/O
                         net (fo=1, routed)           0.689     1.139    clk_24mhz_IBUF
    BUFGCTRL_X0Y16       BUFG (Prop_bufg_I_O)         0.029     1.168 r  clk_24mhz_IBUF_BUFG_inst/O
                         net (fo=4073, routed)        0.826     1.993    system_wrapper/peripherals/sd_init/clk_24mhz_IBUF_BUFG
    SLICE_X14Y65         FDRE                                         r  system_wrapper/peripherals/sd_init/response_tries_reg[1]/C

Slack:                    inf
  Source:                 reset
                            (input port)
  Destination:            system_wrapper/peripherals/sd_init/response_tries_reg[2]/R
                            (rising edge-triggered cell FDRE clocked by sys_clk  {rise@0.000ns fall@20.833ns period=41.667ns})
  Path Group:             (none)
  Path Type:              Hold (Min at Fast Process Corner)
  Data Path Delay:        1.354ns  (logic 0.271ns (20.018%)  route 1.083ns (79.982%))
  Logic Levels:           1  (IBUF=1)
  Clock Path Skew:        1.993ns (DCD - SCD - CPR)
    Destination Clock Delay (DCD):    1.993ns
    Source Clock Delay      (SCD):    0.000ns
    Clock Pessimism Removal (CPR):    -0.000ns
  Timing Exception:       False Path

    Location             Delay type                Incr(ns)  Path(ns)    Netlist Resource(s)
  -------------------------------------------------------------------    -------------------
    C9                                                0.000     0.000 r  reset (IN)
                         net (fo=0)                   0.000     0.000    reset
    C9                   IBUF (Prop_ibuf_I_O)         0.271     0.271 r  reset_IBUF_inst/O
                         net (fo=3087, routed)        1.083     1.354    system_wrapper/peripherals/sd_init/reset_IBUF
    SLICE_X15Y65         FDRE                                         r  system_wrapper/peripherals/sd_init/response_tries_reg[2]/R
  -------------------------------------------------------------------    -------------------

                         (clock sys_clk rise edge)    0.000     0.000 r  
    D13                                               0.000     0.000 r  clk_24mhz (IN)
                         net (fo=0)                   0.000     0.000    clk_24mhz
    D13                  IBUF (Prop_ibuf_I_O)         0.450     0.450 r  clk_24mhz_IBUF_inst/O
                         net (fo=1, routed)           0.689     1.139    clk_24mhz_IBUF
    BUFGCTRL_X0Y16       BUFG (Prop_bufg_I_O)         0.029     1.168 r  clk_24mhz_IBUF_BUFG_inst/O
                         net (fo=4073, routed)        0.826     1.993    system_wrapper/peripherals/sd_init/clk_24mhz_IBUF_BUFG
    SLICE_X15Y65         FDRE                                         r  system_wrapper/peripherals/sd_init/response_tries_reg[2]/C

Slack:                    inf
  Source:                 reset
                            (input port)
  Destination:            system_wrapper/peripherals/sd_init/response_tries_reg[3]/R
                            (rising edge-triggered cell FDRE clocked by sys_clk  {rise@0.000ns fall@20.833ns period=41.667ns})
  Path Group:             (none)
  Path Type:              Hold (Min at Fast Process Corner)
  Data Path Delay:        1.354ns  (logic 0.271ns (20.018%)  route 1.083ns (79.982%))
  Logic Levels:           1  (IBUF=1)
  Clock Path Skew:        1.993ns (DCD - SCD - CPR)
    Destination Clock Delay (DCD):    1.993ns
    Source Clock Delay      (SCD):    0.000ns
    Clock Pessimism Removal (CPR):    -0.000ns
  Timing Exception:       False Path

    Location             Delay type                Incr(ns)  Path(ns)    Netlist Resource(s)
  -------------------------------------------------------------------    -------------------
    C9                                                0.000     0.000 r  reset (IN)
                         net (fo=0)                   0.000     0.000    reset
    C9                   IBUF (Prop_ibuf_I_O)         0.271     0.271 r  reset_IBUF_inst/O
                         net (fo=3087, routed)        1.083     1.354    system_wrapper/peripherals/sd_init/reset_IBUF
    SLICE_X15Y65         FDRE                                         r  system_wrapper/peripherals/sd_init/response_tries_reg[3]/R
  -------------------------------------------------------------------    -------------------

                         (clock sys_clk rise edge)    0.000     0.000 r  
    D13                                               0.000     0.000 r  clk_24mhz (IN)
                         net (fo=0)                   0.000     0.000    clk_24mhz
    D13                  IBUF (Prop_ibuf_I_O)         0.450     0.450 r  clk_24mhz_IBUF_inst/O
                         net (fo=1, routed)           0.689     1.139    clk_24mhz_IBUF
    BUFGCTRL_X0Y16       BUFG (Prop_bufg_I_O)         0.029     1.168 r  clk_24mhz_IBUF_BUFG_inst/O
                         net (fo=4073, routed)        0.826     1.993    system_wrapper/peripherals/sd_init/clk_24mhz_IBUF_BUFG
    SLICE_X15Y65         FDRE                                         r  system_wrapper/peripherals/sd_init/response_tries_reg[3]/C

Slack:                    inf
  Source:                 reset
                            (input port)
  Destination:            system_wrapper/peripherals/sd_init/response_tries_reg[4]/R
                            (rising edge-triggered cell FDRE clocked by sys_clk  {rise@0.000ns fall@20.833ns period=41.667ns})
  Path Group:             (none)
  Path Type:              Hold (Min at Fast Process Corner)
  Data Path Delay:        1.354ns  (logic 0.271ns (20.018%)  route 1.083ns (79.982%))
  Logic Levels:           1  (IBUF=1)
  Clock Path Skew:        1.993ns (DCD - SCD - CPR)
    Destination Clock Delay (DCD):    1.993ns
    Source Clock Delay      (SCD):    0.000ns
    Clock Pessimism Removal (CPR):    -0.000ns
  Timing Exception:       False Path

    Location             Delay type                Incr(ns)  Path(ns)    Netlist Resource(s)
  -------------------------------------------------------------------    -------------------
    C9                                                0.000     0.000 r  reset (IN)
                         net (fo=0)                   0.000     0.000    reset
    C9                   IBUF (Prop_ibuf_I_O)         0.271     0.271 r  reset_IBUF_inst/O
                         net (fo=3087, routed)        1.083     1.354    system_wrapper/peripherals/sd_init/reset_IBUF
    SLICE_X15Y65         FDRE                                         r  system_wrapper/peripherals/sd_init/response_tries_reg[4]/R
  -------------------------------------------------------------------    -------------------

                         (clock sys_clk rise edge)    0.000     0.000 r  
    D13                                               0.000     0.000 r  clk_24mhz (IN)
                         net (fo=0)                   0.000     0.000    clk_24mhz
    D13                  IBUF (Prop_ibuf_I_O)         0.450     0.450 r  clk_24mhz_IBUF_inst/O
                         net (fo=1, routed)           0.689     1.139    clk_24mhz_IBUF
    BUFGCTRL_X0Y16       BUFG (Prop_bufg_I_O)         0.029     1.168 r  clk_24mhz_IBUF_BUFG_inst/O
                         net (fo=4073, routed)        0.826     1.993    system_wrapper/peripherals/sd_init/clk_24mhz_IBUF_BUFG
    SLICE_X15Y65         FDRE                                         r  system_wrapper/peripherals/sd_init/response_tries_reg[4]/C

Slack:                    inf
  Source:                 reset
                            (input port)
  Destination:            system_wrapper/peripherals/sd_init/response_tries_reg[5]/R
                            (rising edge-triggered cell FDRE clocked by sys_clk  {rise@0.000ns fall@20.833ns period=41.667ns})
  Path Group:             (none)
  Path Type:              Hold (Min at Fast Process Corner)
  Data Path Delay:        1.354ns  (logic 0.271ns (20.018%)  route 1.083ns (79.982%))
  Logic Levels:           1  (IBUF=1)
  Clock Path Skew:        1.993ns (DCD - SCD - CPR)
    Destination Clock Delay (DCD):    1.993ns
    Source Clock Delay      (SCD):    0.000ns
    Clock Pessimism Removal (CPR):    -0.000ns
  Timing Exception:       False Path

    Location             Delay type                Incr(ns)  Path(ns)    Netlist Resource(s)
  -------------------------------------------------------------------    -------------------
    C9                                                0.000     0.000 r  reset (IN)
                         net (fo=0)                   0.000     0.000    reset
    C9                   IBUF (Prop_ibuf_I_O)         0.271     0.271 r  reset_IBUF_inst/O
                         net (fo=3087, routed)        1.083     1.354    system_wrapper/peripherals/sd_init/reset_IBUF
    SLICE_X14Y65         FDRE                                         r  system_wrapper/peripherals/sd_init/response_tries_reg[5]/R
  -------------------------------------------------------------------    -------------------

                         (clock sys_clk rise edge)    0.000     0.000 r  
    D13                                               0.000     0.000 r  clk_24mhz (IN)
                         net (fo=0)                   0.000     0.000    clk_24mhz
    D13                  IBUF (Prop_ibuf_I_O)         0.450     0.450 r  clk_24mhz_IBUF_inst/O
                         net (fo=1, routed)           0.689     1.139    clk_24mhz_IBUF
    BUFGCTRL_X0Y16       BUFG (Prop_bufg_I_O)         0.029     1.168 r  clk_24mhz_IBUF_BUFG_inst/O
                         net (fo=4073, routed)        0.826     1.993    system_wrapper/peripherals/sd_init/clk_24mhz_IBUF_BUFG
    SLICE_X14Y65         FDRE                                         r  system_wrapper/peripherals/sd_init/response_tries_reg[5]/C

Slack:                    inf
  Source:                 reset
                            (input port)
  Destination:            system_wrapper/peripherals/sd_init/response_tries_reg[6]/R
                            (rising edge-triggered cell FDRE clocked by sys_clk  {rise@0.000ns fall@20.833ns period=41.667ns})
  Path Group:             (none)
  Path Type:              Hold (Min at Fast Process Corner)
  Data Path Delay:        1.354ns  (logic 0.271ns (20.018%)  route 1.083ns (79.982%))
  Logic Levels:           1  (IBUF=1)
  Clock Path Skew:        1.993ns (DCD - SCD - CPR)
    Destination Clock Delay (DCD):    1.993ns
    Source Clock Delay      (SCD):    0.000ns
    Clock Pessimism Removal (CPR):    -0.000ns
  Timing Exception:       False Path

    Location             Delay type                Incr(ns)  Path(ns)    Netlist Resource(s)
  -------------------------------------------------------------------    -------------------
    C9                                                0.000     0.000 r  reset (IN)
                         net (fo=0)                   0.000     0.000    reset
    C9                   IBUF (Prop_ibuf_I_O)         0.271     0.271 r  reset_IBUF_inst/O
                         net (fo=3087, routed)        1.083     1.354    system_wrapper/peripherals/sd_init/reset_IBUF
    SLICE_X14Y65         FDRE                                         r  system_wrapper/peripherals/sd_init/response_tries_reg[6]/R
  -------------------------------------------------------------------    -------------------

                         (clock sys_clk rise edge)    0.000     0.000 r  
    D13                                               0.000     0.000 r  clk_24mhz (IN)
                         net (fo=0)                   0.000     0.000    clk_24mhz
    D13                  IBUF (Prop_ibuf_I_O)         0.450     0.450 r  clk_24mhz_IBUF_inst/O
                         net (fo=1, routed)           0.689     1.139    clk_24mhz_IBUF
    BUFGCTRL_X0Y16       BUFG (Prop_bufg_I_O)         0.029     1.168 r  clk_24mhz_IBUF_BUFG_inst/O
                         net (fo=4073, routed)        0.826     1.993    system_wrapper/peripherals/sd_init/clk_24mhz_IBUF_BUFG
    SLICE_X14Y65         FDRE                                         r  system_wrapper/peripherals/sd_init/response_tries_reg[6]/C

Slack:                    inf
  Source:                 reset
                            (input port)
  Destination:            system_wrapper/peripherals/sd_init/response_tries_reg[7]/R
                            (rising edge-triggered cell FDRE clocked by sys_clk  {rise@0.000ns fall@20.833ns period=41.667ns})
  Path Group:             (none)
  Path Type:              Hold (Min at Fast Process Corner)
  Data Path Delay:        1.354ns  (logic 0.271ns (20.018%)  route 1.083ns (79.982%))
  Logic Levels:           1  (IBUF=1)
  Clock Path Skew:        1.993ns (DCD - SCD - CPR)
    Destination Clock Delay (DCD):    1.993ns
    Source Clock Delay      (SCD):    0.000ns
    Clock Pessimism Removal (CPR):    -0.000ns
  Timing Exception:       False Path

    Location             Delay type                Incr(ns)  Path(ns)    Netlist Resource(s)
  -------------------------------------------------------------------    -------------------
    C9                                                0.000     0.000 r  reset (IN)
                         net (fo=0)                   0.000     0.000    reset
    C9                   IBUF (Prop_ibuf_I_O)         0.271     0.271 r  reset_IBUF_inst/O
                         net (fo=3087, routed)        1.083     1.354    system_wrapper/peripherals/sd_init/reset_IBUF
    SLICE_X14Y65         FDRE                                         r  system_wrapper/peripherals/sd_init/response_tries_reg[7]/R
  -------------------------------------------------------------------    -------------------

                         (clock sys_clk rise edge)    0.000     0.000 r  
    D13                                               0.000     0.000 r  clk_24mhz (IN)
                         net (fo=0)                   0.000     0.000    clk_24mhz
    D13                  IBUF (Prop_ibuf_I_O)         0.450     0.450 r  clk_24mhz_IBUF_inst/O
                         net (fo=1, routed)           0.689     1.139    clk_24mhz_IBUF
    BUFGCTRL_X0Y16       BUFG (Prop_bufg_I_O)         0.029     1.168 r  clk_24mhz_IBUF_BUFG_inst/O
                         net (fo=4073, routed)        0.826     1.993    system_wrapper/peripherals/sd_init/clk_24mhz_IBUF_BUFG
    SLICE_X14Y65         FDRE                                         r  system_wrapper/peripherals/sd_init/response_tries_reg[7]/C





--------------------------------------------------------------------------------------
Path Group:  (none)
From Clock:  sys_clk
  To Clock:  

Max Delay            12 Endpoints
Min Delay            12 Endpoints
--------------------------------------------------------------------------------------


Max Delay Paths
--------------------------------------------------------------------------------------
Slack:                    inf
  Source:                 system_wrapper/peripherals/keypad/row_index_reg[0]/C
                            (rising edge-triggered cell FDRE clocked by sys_clk  {rise@0.000ns fall@20.833ns period=41.667ns})
  Destination:            keypad_row_n[0]
                            (output port)
  Path Group:             (none)
  Path Type:              Max at Slow Process Corner
  Data Path Delay:        8.609ns  (logic 4.147ns (48.168%)  route 4.462ns (51.832%))
  Logic Levels:           2  (LUT2=1 OBUF=1)
  Clock Uncertainty:      0.025ns  ((TSJ^2 + TIJ^2)^1/2 + DJ) / 2 + PE
    Total System Jitter     (TSJ):    0.050ns
    Total Input Jitter      (TIJ):    0.000ns
    Discrete Jitter          (DJ):    0.000ns
    Phase Error              (PE):    0.000ns

    Location             Delay type                Incr(ns)  Path(ns)    Netlist Resource(s)
  -------------------------------------------------------------------    -------------------
                         (clock sys_clk rise edge)    0.000     0.000 r  
    D13                                               0.000     0.000 r  clk_24mhz (IN)
                         net (fo=0)                   0.000     0.000    clk_24mhz
    D13                  IBUF (Prop_ibuf_I_O)         1.494     1.494 r  clk_24mhz_IBUF_inst/O
                         net (fo=1, routed)           1.972     3.466    clk_24mhz_IBUF
    BUFGCTRL_X0Y16       BUFG (Prop_bufg_I_O)         0.096     3.562 r  clk_24mhz_IBUF_BUFG_inst/O
                         net (fo=4073, routed)        1.540     5.102    system_wrapper/peripherals/keypad/clk_24mhz_IBUF_BUFG
    SLICE_X55Y72         FDRE                                         r  system_wrapper/peripherals/keypad/row_index_reg[0]/C
  -------------------------------------------------------------------    -------------------
    SLICE_X55Y72         FDRE (Prop_fdre_C_Q)         0.456     5.558 r  system_wrapper/peripherals/keypad/row_index_reg[0]/Q
                         net (fo=14, routed)          0.926     6.483    system_wrapper/peripherals/keypad/row[0]
    SLICE_X55Y72         LUT2 (Prop_lut2_I0_O)        0.124     6.607 r  system_wrapper/peripherals/keypad/keypad_row_n_OBUF[0]_inst_i_1/O
                         net (fo=1, routed)           3.536    10.144    keypad_row_n_OBUF[0]
    A13                  OBUF (Prop_obuf_I_O)         3.567    13.710 r  keypad_row_n_OBUF[0]_inst/O
                         net (fo=0)                   0.000    13.710    keypad_row_n[0]
    A13                                                               r  keypad_row_n[0] (OUT)
  -------------------------------------------------------------------    -------------------

Slack:                    inf
  Source:                 system_wrapper/peripherals/sd_spi/sd_cmd_reg/C
                            (rising edge-triggered cell FDSE clocked by sys_clk  {rise@0.000ns fall@20.833ns period=41.667ns})
  Destination:            sd_cmd
                            (output port)
  Path Group:             (none)
  Path Type:              Max at Slow Process Corner
  Data Path Delay:        7.591ns  (logic 4.087ns (53.836%)  route 3.504ns (46.164%))
  Logic Levels:           1  (OBUF=1)
  Clock Uncertainty:      0.025ns  ((TSJ^2 + TIJ^2)^1/2 + DJ) / 2 + PE
    Total System Jitter     (TSJ):    0.050ns
    Total Input Jitter      (TIJ):    0.000ns
    Discrete Jitter          (DJ):    0.000ns
    Phase Error              (PE):    0.000ns

    Location             Delay type                Incr(ns)  Path(ns)    Netlist Resource(s)
  -------------------------------------------------------------------    -------------------
                         (clock sys_clk rise edge)    0.000     0.000 r  
    D13                                               0.000     0.000 r  clk_24mhz (IN)
                         net (fo=0)                   0.000     0.000    clk_24mhz
    D13                  IBUF (Prop_ibuf_I_O)         1.494     1.494 r  clk_24mhz_IBUF_inst/O
                         net (fo=1, routed)           1.972     3.466    clk_24mhz_IBUF
    BUFGCTRL_X0Y16       BUFG (Prop_bufg_I_O)         0.096     3.562 r  clk_24mhz_IBUF_BUFG_inst/O
                         net (fo=4073, routed)        1.551     5.113    system_wrapper/peripherals/sd_spi/clk_24mhz_IBUF_BUFG
    SLICE_X30Y55         FDSE                                         r  system_wrapper/peripherals/sd_spi/sd_cmd_reg/C
  -------------------------------------------------------------------    -------------------
    SLICE_X30Y55         FDSE (Prop_fdse_C_Q)         0.518     5.631 r  system_wrapper/peripherals/sd_spi/sd_cmd_reg/Q
                         net (fo=1, routed)           3.504     9.135    sd_cmd_OBUF
    B12                  OBUF (Prop_obuf_I_O)         3.569    12.704 r  sd_cmd_OBUF_inst/O
                         net (fo=0)                   0.000    12.704    sd_cmd
    B12                                                               r  sd_cmd (OUT)
  -------------------------------------------------------------------    -------------------

Slack:                    inf
  Source:                 system_wrapper/peripherals/sd_spi/sd_cs_n_reg/C
                            (rising edge-triggered cell FDSE clocked by sys_clk  {rise@0.000ns fall@20.833ns period=41.667ns})
  Destination:            sd_cs_n
                            (output port)
  Path Group:             (none)
  Path Type:              Max at Slow Process Corner
  Data Path Delay:        7.272ns  (logic 4.045ns (55.625%)  route 3.227ns (44.375%))
  Logic Levels:           1  (OBUF=1)
  Clock Uncertainty:      0.025ns  ((TSJ^2 + TIJ^2)^1/2 + DJ) / 2 + PE
    Total System Jitter     (TSJ):    0.050ns
    Total Input Jitter      (TIJ):    0.000ns
    Discrete Jitter          (DJ):    0.000ns
    Phase Error              (PE):    0.000ns

    Location             Delay type                Incr(ns)  Path(ns)    Netlist Resource(s)
  -------------------------------------------------------------------    -------------------
                         (clock sys_clk rise edge)    0.000     0.000 r  
    D13                                               0.000     0.000 r  clk_24mhz (IN)
                         net (fo=0)                   0.000     0.000    clk_24mhz
    D13                  IBUF (Prop_ibuf_I_O)         1.494     1.494 r  clk_24mhz_IBUF_inst/O
                         net (fo=1, routed)           1.972     3.466    clk_24mhz_IBUF
    BUFGCTRL_X0Y16       BUFG (Prop_bufg_I_O)         0.096     3.562 r  clk_24mhz_IBUF_BUFG_inst/O
                         net (fo=4073, routed)        1.552     5.114    system_wrapper/peripherals/sd_spi/clk_24mhz_IBUF_BUFG
    SLICE_X29Y54         FDSE                                         r  system_wrapper/peripherals/sd_spi/sd_cs_n_reg/C
  -------------------------------------------------------------------    -------------------
    SLICE_X29Y54         FDSE (Prop_fdse_C_Q)         0.456     5.570 r  system_wrapper/peripherals/sd_spi/sd_cs_n_reg/Q
                         net (fo=1, routed)           3.227     8.797    sd_cs_n_OBUF
    B11                  OBUF (Prop_obuf_I_O)         3.589    12.385 r  sd_cs_n_OBUF_inst/O
                         net (fo=0)                   0.000    12.385    sd_cs_n
    B11                                                               r  sd_cs_n (OUT)
  -------------------------------------------------------------------    -------------------

Slack:                    inf
  Source:                 system_wrapper/peripherals/sd_spi/sd_clk_reg/C
                            (rising edge-triggered cell FDRE clocked by sys_clk  {rise@0.000ns fall@20.833ns period=41.667ns})
  Destination:            sd_clk
                            (output port)
  Path Group:             (none)
  Path Type:              Max at Slow Process Corner
  Data Path Delay:        7.234ns  (logic 4.176ns (57.734%)  route 3.057ns (42.266%))
  Logic Levels:           1  (OBUF=1)
  Clock Uncertainty:      0.025ns  ((TSJ^2 + TIJ^2)^1/2 + DJ) / 2 + PE
    Total System Jitter     (TSJ):    0.050ns
    Total Input Jitter      (TIJ):    0.000ns
    Discrete Jitter          (DJ):    0.000ns
    Phase Error              (PE):    0.000ns

    Location             Delay type                Incr(ns)  Path(ns)    Netlist Resource(s)
  -------------------------------------------------------------------    -------------------
                         (clock sys_clk rise edge)    0.000     0.000 r  
    D13                                               0.000     0.000 r  clk_24mhz (IN)
                         net (fo=0)                   0.000     0.000    clk_24mhz
    D13                  IBUF (Prop_ibuf_I_O)         1.494     1.494 r  clk_24mhz_IBUF_inst/O
                         net (fo=1, routed)           1.972     3.466    clk_24mhz_IBUF
    BUFGCTRL_X0Y16       BUFG (Prop_bufg_I_O)         0.096     3.562 r  clk_24mhz_IBUF_BUFG_inst/O
                         net (fo=4073, routed)        1.552     5.114    system_wrapper/peripherals/sd_spi/clk_24mhz_IBUF_BUFG
    SLICE_X28Y54         FDRE                                         r  system_wrapper/peripherals/sd_spi/sd_clk_reg/C
  -------------------------------------------------------------------    -------------------
    SLICE_X28Y54         FDRE (Prop_fdre_C_Q)         0.419     5.533 r  system_wrapper/peripherals/sd_spi/sd_clk_reg/Q
                         net (fo=6, routed)           3.057     8.590    sd_clk_OBUF
    C11                  OBUF (Prop_obuf_I_O)         3.757    12.347 r  sd_clk_OBUF_inst/O
                         net (fo=0)                   0.000    12.347    sd_clk
    C11                                                               r  sd_clk (OUT)
  -------------------------------------------------------------------    -------------------

Slack:                    inf
  Source:                 system_wrapper/peripherals/keypad/row_index_reg[1]/C
                            (rising edge-triggered cell FDRE clocked by sys_clk  {rise@0.000ns fall@20.833ns period=41.667ns})
  Destination:            keypad_row_n[3]
                            (output port)
  Path Group:             (none)
  Path Type:              Max at Slow Process Corner
  Data Path Delay:        7.167ns  (logic 4.363ns (60.886%)  route 2.803ns (39.114%))
  Logic Levels:           2  (LUT2=1 OBUF=1)
  Clock Uncertainty:      0.025ns  ((TSJ^2 + TIJ^2)^1/2 + DJ) / 2 + PE
    Total System Jitter     (TSJ):    0.050ns
    Total Input Jitter      (TIJ):    0.000ns
    Discrete Jitter          (DJ):    0.000ns
    Phase Error              (PE):    0.000ns

    Location             Delay type                Incr(ns)  Path(ns)    Netlist Resource(s)
  -------------------------------------------------------------------    -------------------
                         (clock sys_clk rise edge)    0.000     0.000 r  
    D13                                               0.000     0.000 r  clk_24mhz (IN)
                         net (fo=0)                   0.000     0.000    clk_24mhz
    D13                  IBUF (Prop_ibuf_I_O)         1.494     1.494 r  clk_24mhz_IBUF_inst/O
                         net (fo=1, routed)           1.972     3.466    clk_24mhz_IBUF
    BUFGCTRL_X0Y16       BUFG (Prop_bufg_I_O)         0.096     3.562 r  clk_24mhz_IBUF_BUFG_inst/O
                         net (fo=4073, routed)        1.540     5.102    system_wrapper/peripherals/keypad/clk_24mhz_IBUF_BUFG
    SLICE_X55Y72         FDRE                                         r  system_wrapper/peripherals/keypad/row_index_reg[1]/C
  -------------------------------------------------------------------    -------------------
    SLICE_X55Y72         FDRE (Prop_fdre_C_Q)         0.456     5.558 f  system_wrapper/peripherals/keypad/row_index_reg[1]/Q
                         net (fo=13, routed)          0.712     6.269    system_wrapper/peripherals/keypad/row[1]
    SLICE_X55Y72         LUT2 (Prop_lut2_I1_O)        0.152     6.421 r  system_wrapper/peripherals/keypad/keypad_row_n_OBUF[3]_inst_i_1/O
                         net (fo=1, routed)           2.092     8.513    keypad_row_n_OBUF[3]
    F2                   OBUF (Prop_obuf_I_O)         3.755    12.268 r  keypad_row_n_OBUF[3]_inst/O
                         net (fo=0)                   0.000    12.268    keypad_row_n[3]
    F2                                                                r  keypad_row_n[3] (OUT)
  -------------------------------------------------------------------    -------------------

Slack:                    inf
  Source:                 system_wrapper/peripherals/pmod_uart/transmitter/tx_reg/C
                            (rising edge-triggered cell FDRE clocked by sys_clk  {rise@0.000ns fall@20.833ns period=41.667ns})
  Destination:            pmod_uart_tx
                            (output port)
  Path Group:             (none)
  Path Type:              Max at Slow Process Corner
  Data Path Delay:        6.971ns  (logic 4.002ns (57.416%)  route 2.969ns (42.584%))
  Logic Levels:           1  (OBUF=1)
  Clock Uncertainty:      0.025ns  ((TSJ^2 + TIJ^2)^1/2 + DJ) / 2 + PE
    Total System Jitter     (TSJ):    0.050ns
    Total Input Jitter      (TIJ):    0.000ns
    Discrete Jitter          (DJ):    0.000ns
    Phase Error              (PE):    0.000ns

    Location             Delay type                Incr(ns)  Path(ns)    Netlist Resource(s)
  -------------------------------------------------------------------    -------------------
                         (clock sys_clk rise edge)    0.000     0.000 r  
    D13                                               0.000     0.000 r  clk_24mhz (IN)
                         net (fo=0)                   0.000     0.000    clk_24mhz
    D13                  IBUF (Prop_ibuf_I_O)         1.494     1.494 r  clk_24mhz_IBUF_inst/O
                         net (fo=1, routed)           1.972     3.466    clk_24mhz_IBUF
    BUFGCTRL_X0Y16       BUFG (Prop_bufg_I_O)         0.096     3.562 r  clk_24mhz_IBUF_BUFG_inst/O
                         net (fo=4073, routed)        1.566     5.128    system_wrapper/peripherals/pmod_uart/transmitter/clk_24mhz_IBUF_BUFG
    SLICE_X35Y44         FDRE                                         r  system_wrapper/peripherals/pmod_uart/transmitter/tx_reg/C
  -------------------------------------------------------------------    -------------------
    SLICE_X35Y44         FDRE (Prop_fdre_C_Q)         0.456     5.584 r  system_wrapper/peripherals/pmod_uart/transmitter/tx_reg/Q
                         net (fo=1, routed)           2.969     8.553    pmod_uart_tx_OBUF
    T2                   OBUF (Prop_obuf_I_O)         3.546    12.099 r  pmod_uart_tx_OBUF_inst/O
                         net (fo=0)                   0.000    12.099    pmod_uart_tx
    T2                                                                r  pmod_uart_tx (OUT)
  -------------------------------------------------------------------    -------------------

Slack:                    inf
  Source:                 system_wrapper/peripherals/keypad/row_index_reg[1]/C
                            (rising edge-triggered cell FDRE clocked by sys_clk  {rise@0.000ns fall@20.833ns period=41.667ns})
  Destination:            keypad_row_n[2]
                            (output port)
  Path Group:             (none)
  Path Type:              Max at Slow Process Corner
  Data Path Delay:        6.994ns  (logic 4.127ns (59.011%)  route 2.867ns (40.989%))
  Logic Levels:           2  (LUT2=1 OBUF=1)
  Clock Uncertainty:      0.025ns  ((TSJ^2 + TIJ^2)^1/2 + DJ) / 2 + PE
    Total System Jitter     (TSJ):    0.050ns
    Total Input Jitter      (TIJ):    0.000ns
    Discrete Jitter          (DJ):    0.000ns
    Phase Error              (PE):    0.000ns

    Location             Delay type                Incr(ns)  Path(ns)    Netlist Resource(s)
  -------------------------------------------------------------------    -------------------
                         (clock sys_clk rise edge)    0.000     0.000 r  
    D13                                               0.000     0.000 r  clk_24mhz (IN)
                         net (fo=0)                   0.000     0.000    clk_24mhz
    D13                  IBUF (Prop_ibuf_I_O)         1.494     1.494 r  clk_24mhz_IBUF_inst/O
                         net (fo=1, routed)           1.972     3.466    clk_24mhz_IBUF
    BUFGCTRL_X0Y16       BUFG (Prop_bufg_I_O)         0.096     3.562 r  clk_24mhz_IBUF_BUFG_inst/O
                         net (fo=4073, routed)        1.540     5.102    system_wrapper/peripherals/keypad/clk_24mhz_IBUF_BUFG
    SLICE_X55Y72         FDRE                                         r  system_wrapper/peripherals/keypad/row_index_reg[1]/C
  -------------------------------------------------------------------    -------------------
    SLICE_X55Y72         FDRE (Prop_fdre_C_Q)         0.456     5.558 f  system_wrapper/peripherals/keypad/row_index_reg[1]/Q
                         net (fo=13, routed)          0.712     6.269    system_wrapper/peripherals/keypad/row[1]
    SLICE_X55Y72         LUT2 (Prop_lut2_I1_O)        0.124     6.393 r  system_wrapper/peripherals/keypad/keypad_row_n_OBUF[2]_inst_i_1/O
                         net (fo=1, routed)           2.155     8.548    keypad_row_n_OBUF[2]
    E3                   OBUF (Prop_obuf_I_O)         3.547    12.095 r  keypad_row_n_OBUF[2]_inst/O
                         net (fo=0)                   0.000    12.095    keypad_row_n[2]
    E3                                                                r  keypad_row_n[2] (OUT)
  -------------------------------------------------------------------    -------------------

Slack:                    inf
  Source:                 system_wrapper/peripherals/keypad/row_index_reg[1]/C
                            (rising edge-triggered cell FDRE clocked by sys_clk  {rise@0.000ns fall@20.833ns period=41.667ns})
  Destination:            keypad_row_n[1]
                            (output port)
  Path Group:             (none)
  Path Type:              Max at Slow Process Corner
  Data Path Delay:        6.914ns  (logic 4.120ns (59.595%)  route 2.794ns (40.405%))
  Logic Levels:           2  (LUT2=1 OBUF=1)
  Clock Uncertainty:      0.025ns  ((TSJ^2 + TIJ^2)^1/2 + DJ) / 2 + PE
    Total System Jitter     (TSJ):    0.050ns
    Total Input Jitter      (TIJ):    0.000ns
    Discrete Jitter          (DJ):    0.000ns
    Phase Error              (PE):    0.000ns

    Location             Delay type                Incr(ns)  Path(ns)    Netlist Resource(s)
  -------------------------------------------------------------------    -------------------
                         (clock sys_clk rise edge)    0.000     0.000 r  
    D13                                               0.000     0.000 r  clk_24mhz (IN)
                         net (fo=0)                   0.000     0.000    clk_24mhz
    D13                  IBUF (Prop_ibuf_I_O)         1.494     1.494 r  clk_24mhz_IBUF_inst/O
                         net (fo=1, routed)           1.972     3.466    clk_24mhz_IBUF
    BUFGCTRL_X0Y16       BUFG (Prop_bufg_I_O)         0.096     3.562 r  clk_24mhz_IBUF_BUFG_inst/O
                         net (fo=4073, routed)        1.540     5.102    system_wrapper/peripherals/keypad/clk_24mhz_IBUF_BUFG
    SLICE_X55Y72         FDRE                                         r  system_wrapper/peripherals/keypad/row_index_reg[1]/C
  -------------------------------------------------------------------    -------------------
    SLICE_X55Y72         FDRE (Prop_fdre_C_Q)         0.456     5.558 r  system_wrapper/peripherals/keypad/row_index_reg[1]/Q
                         net (fo=13, routed)          0.713     6.270    system_wrapper/peripherals/keypad/row[1]
    SLICE_X55Y72         LUT2 (Prop_lut2_I0_O)        0.124     6.394 r  system_wrapper/peripherals/keypad/keypad_row_n_OBUF[1]_inst_i_1/O
                         net (fo=1, routed)           2.081     8.475    keypad_row_n_OBUF[1]
    F5                   OBUF (Prop_obuf_I_O)         3.540    12.016 r  keypad_row_n_OBUF[1]_inst/O
                         net (fo=0)                   0.000    12.016    keypad_row_n[1]
    F5                                                                r  keypad_row_n[1] (OUT)
  -------------------------------------------------------------------    -------------------

Slack:                    inf
  Source:                 system_wrapper/peripherals/sampler/spi/mosi_reg/C
                            (rising edge-triggered cell FDRE clocked by sys_clk  {rise@0.000ns fall@20.833ns period=41.667ns})
  Destination:            adc_mosi
                            (output port)
  Path Group:             (none)
  Path Type:              Max at Slow Process Corner
  Data Path Delay:        6.674ns  (logic 3.999ns (59.919%)  route 2.675ns (40.081%))
  Logic Levels:           1  (OBUF=1)
  Clock Uncertainty:      0.025ns  ((TSJ^2 + TIJ^2)^1/2 + DJ) / 2 + PE
    Total System Jitter     (TSJ):    0.050ns
    Total Input Jitter      (TIJ):    0.000ns
    Discrete Jitter          (DJ):    0.000ns
    Phase Error              (PE):    0.000ns

    Location             Delay type                Incr(ns)  Path(ns)    Netlist Resource(s)
  -------------------------------------------------------------------    -------------------
                         (clock sys_clk rise edge)    0.000     0.000 r  
    D13                                               0.000     0.000 r  clk_24mhz (IN)
                         net (fo=0)                   0.000     0.000    clk_24mhz
    D13                  IBUF (Prop_ibuf_I_O)         1.494     1.494 r  clk_24mhz_IBUF_inst/O
                         net (fo=1, routed)           1.972     3.466    clk_24mhz_IBUF
    BUFGCTRL_X0Y16       BUFG (Prop_bufg_I_O)         0.096     3.562 r  clk_24mhz_IBUF_BUFG_inst/O
                         net (fo=4073, routed)        1.552     5.114    system_wrapper/peripherals/sampler/spi/clk_24mhz_IBUF_BUFG
    SLICE_X31Y50         FDRE                                         r  system_wrapper/peripherals/sampler/spi/mosi_reg/C
  -------------------------------------------------------------------    -------------------
    SLICE_X31Y50         FDRE (Prop_fdre_C_Q)         0.456     5.570 r  system_wrapper/peripherals/sampler/spi/mosi_reg/Q
                         net (fo=1, routed)           2.675     8.245    adc_mosi_OBUF
    G12                  OBUF (Prop_obuf_I_O)         3.543    11.788 r  adc_mosi_OBUF_inst/O
                         net (fo=0)                   0.000    11.788    adc_mosi
    G12                                                               r  adc_mosi (OUT)
  -------------------------------------------------------------------    -------------------

Slack:                    inf
  Source:                 system_wrapper/peripherals/sampler/spi/cs_n_reg/C
                            (rising edge-triggered cell FDSE clocked by sys_clk  {rise@0.000ns fall@20.833ns period=41.667ns})
  Destination:            adc_cs_n
                            (output port)
  Path Group:             (none)
  Path Type:              Max at Slow Process Corner
  Data Path Delay:        6.472ns  (logic 3.996ns (61.732%)  route 2.477ns (38.268%))
  Logic Levels:           1  (OBUF=1)
  Clock Uncertainty:      0.025ns  ((TSJ^2 + TIJ^2)^1/2 + DJ) / 2 + PE
    Total System Jitter     (TSJ):    0.050ns
    Total Input Jitter      (TIJ):    0.000ns
    Discrete Jitter          (DJ):    0.000ns
    Phase Error              (PE):    0.000ns

    Location             Delay type                Incr(ns)  Path(ns)    Netlist Resource(s)
  -------------------------------------------------------------------    -------------------
                         (clock sys_clk rise edge)    0.000     0.000 r  
    D13                                               0.000     0.000 r  clk_24mhz (IN)
                         net (fo=0)                   0.000     0.000    clk_24mhz
    D13                  IBUF (Prop_ibuf_I_O)         1.494     1.494 r  clk_24mhz_IBUF_inst/O
                         net (fo=1, routed)           1.972     3.466    clk_24mhz_IBUF
    BUFGCTRL_X0Y16       BUFG (Prop_bufg_I_O)         0.096     3.562 r  clk_24mhz_IBUF_BUFG_inst/O
                         net (fo=4073, routed)        1.552     5.114    system_wrapper/peripherals/sampler/spi/clk_24mhz_IBUF_BUFG
    SLICE_X32Y50         FDSE                                         r  system_wrapper/peripherals/sampler/spi/cs_n_reg/C
  -------------------------------------------------------------------    -------------------
    SLICE_X32Y50         FDSE (Prop_fdse_C_Q)         0.456     5.570 r  system_wrapper/peripherals/sampler/spi/cs_n_reg/Q
                         net (fo=1, routed)           2.477     8.047    adc_cs_n_OBUF
    H14                  OBUF (Prop_obuf_I_O)         3.540    11.586 r  adc_cs_n_OBUF_inst/O
                         net (fo=0)                   0.000    11.586    adc_cs_n
    H14                                                               r  adc_cs_n (OUT)
  -------------------------------------------------------------------    -------------------





Min Delay Paths
--------------------------------------------------------------------------------------
Slack:                    inf
  Source:                 system_wrapper/peripherals/dht11/dht_oe_reg/C
                            (rising edge-triggered cell FDSE clocked by sys_clk  {rise@0.000ns fall@20.833ns period=41.667ns})
  Destination:            dht11_data
                            (output port)
  Path Group:             (none)
  Path Type:              Min at Fast Process Corner
  Data Path Delay:        1.928ns  (logic 0.965ns (50.056%)  route 0.963ns (49.944%))
  Logic Levels:           1  (OBUFT=1)
  Clock Uncertainty:      0.025ns  ((TSJ^2 + TIJ^2)^1/2 + DJ) / 2 + PE
    Total System Jitter     (TSJ):    0.050ns
    Total Input Jitter      (TIJ):    0.000ns
    Discrete Jitter          (DJ):    0.000ns
    Phase Error              (PE):    0.000ns

    Location             Delay type                Incr(ns)  Path(ns)    Netlist Resource(s)
  -------------------------------------------------------------------    -------------------
                         (clock sys_clk rise edge)    0.000     0.000 r  
    D13                                               0.000     0.000 r  clk_24mhz (IN)
                         net (fo=0)                   0.000     0.000    clk_24mhz
    D13                  IBUF (Prop_ibuf_I_O)         0.262     0.262 r  clk_24mhz_IBUF_inst/O
                         net (fo=1, routed)           0.634     0.896    clk_24mhz_IBUF
    BUFGCTRL_X0Y16       BUFG (Prop_bufg_I_O)         0.026     0.922 r  clk_24mhz_IBUF_BUFG_inst/O
                         net (fo=4073, routed)        0.566     1.488    system_wrapper/peripherals/dht11/clk_24mhz_IBUF_BUFG
    SLICE_X45Y46         FDSE                                         r  system_wrapper/peripherals/dht11/dht_oe_reg/C
  -------------------------------------------------------------------    -------------------
    SLICE_X45Y46         FDSE (Prop_fdse_C_Q)         0.141     1.629 r  system_wrapper/peripherals/dht11/dht_oe_reg/Q
                         net (fo=2, routed)           0.963     2.592    dht11_data_IOBUF_inst/T
    M1                   OBUFT (TriStatD_obuft_T_O)
                                                      0.824     3.416 r  dht11_data_IOBUF_inst/OBUFT/O
                         net (fo=1, unset)            0.000     3.416    dht11_data
    M1                                                                r  dht11_data (INOUT)
  -------------------------------------------------------------------    -------------------

Slack:                    inf
  Source:                 system_wrapper/peripherals/sampler/spi/cs_n_reg/C
                            (rising edge-triggered cell FDSE clocked by sys_clk  {rise@0.000ns fall@20.833ns period=41.667ns})
  Destination:            adc_cs_n
                            (output port)
  Path Group:             (none)
  Path Type:              Min at Fast Process Corner
  Data Path Delay:        2.076ns  (logic 1.381ns (66.533%)  route 0.695ns (33.467%))
  Logic Levels:           1  (OBUF=1)
  Clock Uncertainty:      0.025ns  ((TSJ^2 + TIJ^2)^1/2 + DJ) / 2 + PE
    Total System Jitter     (TSJ):    0.050ns
    Total Input Jitter      (TIJ):    0.000ns
    Discrete Jitter          (DJ):    0.000ns
    Phase Error              (PE):    0.000ns

    Location             Delay type                Incr(ns)  Path(ns)    Netlist Resource(s)
  -------------------------------------------------------------------    -------------------
                         (clock sys_clk rise edge)    0.000     0.000 r  
    D13                                               0.000     0.000 r  clk_24mhz (IN)
                         net (fo=0)                   0.000     0.000    clk_24mhz
    D13                  IBUF (Prop_ibuf_I_O)         0.262     0.262 r  clk_24mhz_IBUF_inst/O
                         net (fo=1, routed)           0.634     0.896    clk_24mhz_IBUF
    BUFGCTRL_X0Y16       BUFG (Prop_bufg_I_O)         0.026     0.922 r  clk_24mhz_IBUF_BUFG_inst/O
                         net (fo=4073, routed)        0.560     1.482    system_wrapper/peripherals/sampler/spi/clk_24mhz_IBUF_BUFG
    SLICE_X32Y50         FDSE                                         r  system_wrapper/peripherals/sampler/spi/cs_n_reg/C
  -------------------------------------------------------------------    -------------------
    SLICE_X32Y50         FDSE (Prop_fdse_C_Q)         0.141     1.623 r  system_wrapper/peripherals/sampler/spi/cs_n_reg/Q
                         net (fo=1, routed)           0.695     2.318    adc_cs_n_OBUF
    H14                  OBUF (Prop_obuf_I_O)         1.240     3.558 r  adc_cs_n_OBUF_inst/O
                         net (fo=0)                   0.000     3.558    adc_cs_n
    H14                                                               r  adc_cs_n (OUT)
  -------------------------------------------------------------------    -------------------

Slack:                    inf
  Source:                 system_wrapper/peripherals/sampler/spi/sck_reg/C
                            (rising edge-triggered cell FDRE clocked by sys_clk  {rise@0.000ns fall@20.833ns period=41.667ns})
  Destination:            adc_sck
                            (output port)
  Path Group:             (none)
  Path Type:              Min at Fast Process Corner
  Data Path Delay:        2.136ns  (logic 1.370ns (64.126%)  route 0.766ns (35.874%))
  Logic Levels:           1  (OBUF=1)
  Clock Uncertainty:      0.025ns  ((TSJ^2 + TIJ^2)^1/2 + DJ) / 2 + PE
    Total System Jitter     (TSJ):    0.050ns
    Total Input Jitter      (TIJ):    0.000ns
    Discrete Jitter          (DJ):    0.000ns
    Phase Error              (PE):    0.000ns

    Location             Delay type                Incr(ns)  Path(ns)    Netlist Resource(s)
  -------------------------------------------------------------------    -------------------
                         (clock sys_clk rise edge)    0.000     0.000 r  
    D13                                               0.000     0.000 r  clk_24mhz (IN)
                         net (fo=0)                   0.000     0.000    clk_24mhz
    D13                  IBUF (Prop_ibuf_I_O)         0.262     0.262 r  clk_24mhz_IBUF_inst/O
                         net (fo=1, routed)           0.634     0.896    clk_24mhz_IBUF
    BUFGCTRL_X0Y16       BUFG (Prop_bufg_I_O)         0.026     0.922 r  clk_24mhz_IBUF_BUFG_inst/O
                         net (fo=4073, routed)        0.566     1.488    system_wrapper/peripherals/sampler/spi/clk_24mhz_IBUF_BUFG
    SLICE_X32Y49         FDRE                                         r  system_wrapper/peripherals/sampler/spi/sck_reg/C
  -------------------------------------------------------------------    -------------------
    SLICE_X32Y49         FDRE (Prop_fdre_C_Q)         0.141     1.629 r  system_wrapper/peripherals/sampler/spi/sck_reg/Q
                         net (fo=6, routed)           0.766     2.395    adc_sck_OBUF
    G11                  OBUF (Prop_obuf_I_O)         1.229     3.623 r  adc_sck_OBUF_inst/O
                         net (fo=0)                   0.000     3.623    adc_sck
    G11                                                               r  adc_sck (OUT)
  -------------------------------------------------------------------    -------------------

Slack:                    inf
  Source:                 system_wrapper/peripherals/keypad/row_index_reg[0]/C
                            (rising edge-triggered cell FDRE clocked by sys_clk  {rise@0.000ns fall@20.833ns period=41.667ns})
  Destination:            keypad_row_n[1]
                            (output port)
  Path Group:             (none)
  Path Type:              Min at Fast Process Corner
  Data Path Delay:        2.178ns  (logic 1.427ns (65.536%)  route 0.750ns (34.464%))
  Logic Levels:           2  (LUT2=1 OBUF=1)
  Clock Uncertainty:      0.025ns  ((TSJ^2 + TIJ^2)^1/2 + DJ) / 2 + PE
    Total System Jitter     (TSJ):    0.050ns
    Total Input Jitter      (TIJ):    0.000ns
    Discrete Jitter          (DJ):    0.000ns
    Phase Error              (PE):    0.000ns

    Location             Delay type                Incr(ns)  Path(ns)    Netlist Resource(s)
  -------------------------------------------------------------------    -------------------
                         (clock sys_clk rise edge)    0.000     0.000 r  
    D13                                               0.000     0.000 r  clk_24mhz (IN)
                         net (fo=0)                   0.000     0.000    clk_24mhz
    D13                  IBUF (Prop_ibuf_I_O)         0.262     0.262 r  clk_24mhz_IBUF_inst/O
                         net (fo=1, routed)           0.634     0.896    clk_24mhz_IBUF
    BUFGCTRL_X0Y16       BUFG (Prop_bufg_I_O)         0.026     0.922 r  clk_24mhz_IBUF_BUFG_inst/O
                         net (fo=4073, routed)        0.552     1.474    system_wrapper/peripherals/keypad/clk_24mhz_IBUF_BUFG
    SLICE_X55Y72         FDRE                                         r  system_wrapper/peripherals/keypad/row_index_reg[0]/C
  -------------------------------------------------------------------    -------------------
    SLICE_X55Y72         FDRE (Prop_fdre_C_Q)         0.141     1.615 f  system_wrapper/peripherals/keypad/row_index_reg[0]/Q
                         net (fo=14, routed)          0.211     1.826    system_wrapper/peripherals/keypad/row[0]
    SLICE_X55Y72         LUT2 (Prop_lut2_I1_O)        0.045     1.871 r  system_wrapper/peripherals/keypad/keypad_row_n_OBUF[1]_inst_i_1/O
                         net (fo=1, routed)           0.539     2.410    keypad_row_n_OBUF[1]
    F5                   OBUF (Prop_obuf_I_O)         1.241     3.651 r  keypad_row_n_OBUF[1]_inst/O
                         net (fo=0)                   0.000     3.651    keypad_row_n[1]
    F5                                                                r  keypad_row_n[1] (OUT)
  -------------------------------------------------------------------    -------------------

Slack:                    inf
  Source:                 system_wrapper/peripherals/sampler/spi/mosi_reg/C
                            (rising edge-triggered cell FDRE clocked by sys_clk  {rise@0.000ns fall@20.833ns period=41.667ns})
  Destination:            adc_mosi
                            (output port)
  Path Group:             (none)
  Path Type:              Min at Fast Process Corner
  Data Path Delay:        2.177ns  (logic 1.385ns (63.616%)  route 0.792ns (36.384%))
  Logic Levels:           1  (OBUF=1)
  Clock Uncertainty:      0.025ns  ((TSJ^2 + TIJ^2)^1/2 + DJ) / 2 + PE
    Total System Jitter     (TSJ):    0.050ns
    Total Input Jitter      (TIJ):    0.000ns
    Discrete Jitter          (DJ):    0.000ns
    Phase Error              (PE):    0.000ns

    Location             Delay type                Incr(ns)  Path(ns)    Netlist Resource(s)
  -------------------------------------------------------------------    -------------------
                         (clock sys_clk rise edge)    0.000     0.000 r  
    D13                                               0.000     0.000 r  clk_24mhz (IN)
                         net (fo=0)                   0.000     0.000    clk_24mhz
    D13                  IBUF (Prop_ibuf_I_O)         0.262     0.262 r  clk_24mhz_IBUF_inst/O
                         net (fo=1, routed)           0.634     0.896    clk_24mhz_IBUF
    BUFGCTRL_X0Y16       BUFG (Prop_bufg_I_O)         0.026     0.922 r  clk_24mhz_IBUF_BUFG_inst/O
                         net (fo=4073, routed)        0.560     1.482    system_wrapper/peripherals/sampler/spi/clk_24mhz_IBUF_BUFG
    SLICE_X31Y50         FDRE                                         r  system_wrapper/peripherals/sampler/spi/mosi_reg/C
  -------------------------------------------------------------------    -------------------
    SLICE_X31Y50         FDRE (Prop_fdre_C_Q)         0.141     1.623 r  system_wrapper/peripherals/sampler/spi/mosi_reg/Q
                         net (fo=1, routed)           0.792     2.415    adc_mosi_OBUF
    G12                  OBUF (Prop_obuf_I_O)         1.244     3.659 r  adc_mosi_OBUF_inst/O
                         net (fo=0)                   0.000     3.659    adc_mosi
    G12                                                               r  adc_mosi (OUT)
  -------------------------------------------------------------------    -------------------

Slack:                    inf
  Source:                 system_wrapper/peripherals/keypad/row_index_reg[0]/C
                            (rising edge-triggered cell FDRE clocked by sys_clk  {rise@0.000ns fall@20.833ns period=41.667ns})
  Destination:            keypad_row_n[2]
                            (output port)
  Path Group:             (none)
  Path Type:              Min at Fast Process Corner
  Data Path Delay:        2.247ns  (logic 1.434ns (63.800%)  route 0.813ns (36.200%))
  Logic Levels:           2  (LUT2=1 OBUF=1)
  Clock Uncertainty:      0.025ns  ((TSJ^2 + TIJ^2)^1/2 + DJ) / 2 + PE
    Total System Jitter     (TSJ):    0.050ns
    Total Input Jitter      (TIJ):    0.000ns
    Discrete Jitter          (DJ):    0.000ns
    Phase Error              (PE):    0.000ns

    Location             Delay type                Incr(ns)  Path(ns)    Netlist Resource(s)
  -------------------------------------------------------------------    -------------------
                         (clock sys_clk rise edge)    0.000     0.000 r  
    D13                                               0.000     0.000 r  clk_24mhz (IN)
                         net (fo=0)                   0.000     0.000    clk_24mhz
    D13                  IBUF (Prop_ibuf_I_O)         0.262     0.262 r  clk_24mhz_IBUF_inst/O
                         net (fo=1, routed)           0.634     0.896    clk_24mhz_IBUF
    BUFGCTRL_X0Y16       BUFG (Prop_bufg_I_O)         0.026     0.922 r  clk_24mhz_IBUF_BUFG_inst/O
                         net (fo=4073, routed)        0.552     1.474    system_wrapper/peripherals/keypad/clk_24mhz_IBUF_BUFG
    SLICE_X55Y72         FDRE                                         r  system_wrapper/peripherals/keypad/row_index_reg[0]/C
  -------------------------------------------------------------------    -------------------
    SLICE_X55Y72         FDRE (Prop_fdre_C_Q)         0.141     1.615 r  system_wrapper/peripherals/keypad/row_index_reg[0]/Q
                         net (fo=14, routed)          0.213     1.828    system_wrapper/peripherals/keypad/row[0]
    SLICE_X55Y72         LUT2 (Prop_lut2_I0_O)        0.045     1.873 r  system_wrapper/peripherals/keypad/keypad_row_n_OBUF[2]_inst_i_1/O
                         net (fo=1, routed)           0.600     2.473    keypad_row_n_OBUF[2]
    E3                   OBUF (Prop_obuf_I_O)         1.248     3.721 r  keypad_row_n_OBUF[2]_inst/O
                         net (fo=0)                   0.000     3.721    keypad_row_n[2]
    E3                                                                r  keypad_row_n[2] (OUT)
  -------------------------------------------------------------------    -------------------

Slack:                    inf
  Source:                 system_wrapper/peripherals/keypad/row_index_reg[0]/C
                            (rising edge-triggered cell FDRE clocked by sys_clk  {rise@0.000ns fall@20.833ns period=41.667ns})
  Destination:            keypad_row_n[3]
                            (output port)
  Path Group:             (none)
  Path Type:              Min at Fast Process Corner
  Data Path Delay:        2.264ns  (logic 1.499ns (66.211%)  route 0.765ns (33.789%))
  Logic Levels:           2  (LUT2=1 OBUF=1)
  Clock Uncertainty:      0.025ns  ((TSJ^2 + TIJ^2)^1/2 + DJ) / 2 + PE
    Total System Jitter     (TSJ):    0.050ns
    Total Input Jitter      (TIJ):    0.000ns
    Discrete Jitter          (DJ):    0.000ns
    Phase Error              (PE):    0.000ns

    Location             Delay type                Incr(ns)  Path(ns)    Netlist Resource(s)
  -------------------------------------------------------------------    -------------------
                         (clock sys_clk rise edge)    0.000     0.000 r  
    D13                                               0.000     0.000 r  clk_24mhz (IN)
                         net (fo=0)                   0.000     0.000    clk_24mhz
    D13                  IBUF (Prop_ibuf_I_O)         0.262     0.262 r  clk_24mhz_IBUF_inst/O
                         net (fo=1, routed)           0.634     0.896    clk_24mhz_IBUF
    BUFGCTRL_X0Y16       BUFG (Prop_bufg_I_O)         0.026     0.922 r  clk_24mhz_IBUF_BUFG_inst/O
                         net (fo=4073, routed)        0.552     1.474    system_wrapper/peripherals/keypad/clk_24mhz_IBUF_BUFG
    SLICE_X55Y72         FDRE                                         r  system_wrapper/peripherals/keypad/row_index_reg[0]/C
  -------------------------------------------------------------------    -------------------
    SLICE_X55Y72         FDRE (Prop_fdre_C_Q)         0.141     1.615 f  system_wrapper/peripherals/keypad/row_index_reg[0]/Q
                         net (fo=14, routed)          0.213     1.828    system_wrapper/peripherals/keypad/row[0]
    SLICE_X55Y72         LUT2 (Prop_lut2_I0_O)        0.043     1.871 r  system_wrapper/peripherals/keypad/keypad_row_n_OBUF[3]_inst_i_1/O
                         net (fo=1, routed)           0.552     2.423    keypad_row_n_OBUF[3]
    F2                   OBUF (Prop_obuf_I_O)         1.315     3.738 r  keypad_row_n_OBUF[3]_inst/O
                         net (fo=0)                   0.000     3.738    keypad_row_n[3]
    F2                                                                r  keypad_row_n[3] (OUT)
  -------------------------------------------------------------------    -------------------

Slack:                    inf
  Source:                 system_wrapper/peripherals/pmod_uart/transmitter/tx_reg/C
                            (rising edge-triggered cell FDRE clocked by sys_clk  {rise@0.000ns fall@20.833ns period=41.667ns})
  Destination:            pmod_uart_tx
                            (output port)
  Path Group:             (none)
  Path Type:              Min at Fast Process Corner
  Data Path Delay:        2.342ns  (logic 1.388ns (59.281%)  route 0.954ns (40.719%))
  Logic Levels:           1  (OBUF=1)
  Clock Uncertainty:      0.025ns  ((TSJ^2 + TIJ^2)^1/2 + DJ) / 2 + PE
    Total System Jitter     (TSJ):    0.050ns
    Total Input Jitter      (TIJ):    0.000ns
    Discrete Jitter          (DJ):    0.000ns
    Phase Error              (PE):    0.000ns

    Location             Delay type                Incr(ns)  Path(ns)    Netlist Resource(s)
  -------------------------------------------------------------------    -------------------
                         (clock sys_clk rise edge)    0.000     0.000 r  
    D13                                               0.000     0.000 r  clk_24mhz (IN)
                         net (fo=0)                   0.000     0.000    clk_24mhz
    D13                  IBUF (Prop_ibuf_I_O)         0.262     0.262 r  clk_24mhz_IBUF_inst/O
                         net (fo=1, routed)           0.634     0.896    clk_24mhz_IBUF
    BUFGCTRL_X0Y16       BUFG (Prop_bufg_I_O)         0.026     0.922 r  clk_24mhz_IBUF_BUFG_inst/O
                         net (fo=4073, routed)        0.564     1.486    system_wrapper/peripherals/pmod_uart/transmitter/clk_24mhz_IBUF_BUFG
    SLICE_X35Y44         FDRE                                         r  system_wrapper/peripherals/pmod_uart/transmitter/tx_reg/C
  -------------------------------------------------------------------    -------------------
    SLICE_X35Y44         FDRE (Prop_fdre_C_Q)         0.141     1.627 r  system_wrapper/peripherals/pmod_uart/transmitter/tx_reg/Q
                         net (fo=1, routed)           0.954     2.580    pmod_uart_tx_OBUF
    T2                   OBUF (Prop_obuf_I_O)         1.247     3.827 r  pmod_uart_tx_OBUF_inst/O
                         net (fo=0)                   0.000     3.827    pmod_uart_tx
    T2                                                                r  pmod_uart_tx (OUT)
  -------------------------------------------------------------------    -------------------

Slack:                    inf
  Source:                 system_wrapper/peripherals/sd_spi/sd_cs_n_reg/C
                            (rising edge-triggered cell FDSE clocked by sys_clk  {rise@0.000ns fall@20.833ns period=41.667ns})
  Destination:            sd_cs_n
                            (output port)
  Path Group:             (none)
  Path Type:              Min at Fast Process Corner
  Data Path Delay:        2.493ns  (logic 1.430ns (57.367%)  route 1.063ns (42.633%))
  Logic Levels:           1  (OBUF=1)
  Clock Uncertainty:      0.025ns  ((TSJ^2 + TIJ^2)^1/2 + DJ) / 2 + PE
    Total System Jitter     (TSJ):    0.050ns
    Total Input Jitter      (TIJ):    0.000ns
    Discrete Jitter          (DJ):    0.000ns
    Phase Error              (PE):    0.000ns

    Location             Delay type                Incr(ns)  Path(ns)    Netlist Resource(s)
  -------------------------------------------------------------------    -------------------
                         (clock sys_clk rise edge)    0.000     0.000 r  
    D13                                               0.000     0.000 r  clk_24mhz (IN)
                         net (fo=0)                   0.000     0.000    clk_24mhz
    D13                  IBUF (Prop_ibuf_I_O)         0.262     0.262 r  clk_24mhz_IBUF_inst/O
                         net (fo=1, routed)           0.634     0.896    clk_24mhz_IBUF
    BUFGCTRL_X0Y16       BUFG (Prop_bufg_I_O)         0.026     0.922 r  clk_24mhz_IBUF_BUFG_inst/O
                         net (fo=4073, routed)        0.559     1.481    system_wrapper/peripherals/sd_spi/clk_24mhz_IBUF_BUFG
    SLICE_X29Y54         FDSE                                         r  system_wrapper/peripherals/sd_spi/sd_cs_n_reg/C
  -------------------------------------------------------------------    -------------------
    SLICE_X29Y54         FDSE (Prop_fdse_C_Q)         0.141     1.622 r  system_wrapper/peripherals/sd_spi/sd_cs_n_reg/Q
                         net (fo=1, routed)           1.063     2.685    sd_cs_n_OBUF
    B11                  OBUF (Prop_obuf_I_O)         1.289     3.974 r  sd_cs_n_OBUF_inst/O
                         net (fo=0)                   0.000     3.974    sd_cs_n
    B11                                                               r  sd_cs_n (OUT)
  -------------------------------------------------------------------    -------------------

Slack:                    inf
  Source:                 system_wrapper/peripherals/sd_spi/sd_clk_reg/C
                            (rising edge-triggered cell FDRE clocked by sys_clk  {rise@0.000ns fall@20.833ns period=41.667ns})
  Destination:            sd_clk
                            (output port)
  Path Group:             (none)
  Path Type:              Min at Fast Process Corner
  Data Path Delay:        2.502ns  (logic 1.465ns (58.539%)  route 1.037ns (41.461%))
  Logic Levels:           1  (OBUF=1)
  Clock Uncertainty:      0.025ns  ((TSJ^2 + TIJ^2)^1/2 + DJ) / 2 + PE
    Total System Jitter     (TSJ):    0.050ns
    Total Input Jitter      (TIJ):    0.000ns
    Discrete Jitter          (DJ):    0.000ns
    Phase Error              (PE):    0.000ns

    Location             Delay type                Incr(ns)  Path(ns)    Netlist Resource(s)
  -------------------------------------------------------------------    -------------------
                         (clock sys_clk rise edge)    0.000     0.000 r  
    D13                                               0.000     0.000 r  clk_24mhz (IN)
                         net (fo=0)                   0.000     0.000    clk_24mhz
    D13                  IBUF (Prop_ibuf_I_O)         0.262     0.262 r  clk_24mhz_IBUF_inst/O
                         net (fo=1, routed)           0.634     0.896    clk_24mhz_IBUF
    BUFGCTRL_X0Y16       BUFG (Prop_bufg_I_O)         0.026     0.922 r  clk_24mhz_IBUF_BUFG_inst/O
                         net (fo=4073, routed)        0.559     1.481    system_wrapper/peripherals/sd_spi/clk_24mhz_IBUF_BUFG
    SLICE_X28Y54         FDRE                                         r  system_wrapper/peripherals/sd_spi/sd_clk_reg/C
  -------------------------------------------------------------------    -------------------
    SLICE_X28Y54         FDRE (Prop_fdre_C_Q)         0.128     1.609 r  system_wrapper/peripherals/sd_spi/sd_clk_reg/Q
                         net (fo=6, routed)           1.037     2.646    sd_clk_OBUF
    C11                  OBUF (Prop_obuf_I_O)         1.337     3.983 r  sd_clk_OBUF_inst/O
                         net (fo=0)                   0.000     3.983    sd_clk
    C11                                                               r  sd_clk (OUT)
  -------------------------------------------------------------------    -------------------





--------------------------------------------------------------------------------------
Path Group:  (none)
From Clock:  
  To Clock:  sys_clk

Max Delay            53 Endpoints
Min Delay            53 Endpoints
--------------------------------------------------------------------------------------


Max Delay Paths
--------------------------------------------------------------------------------------
Slack:                    inf
  Source:                 sw_alarm_test
                            (input port)
  Destination:            system_wrapper/security_core/controller/lockdown_counter_reg[25]/CE
                            (rising edge-triggered cell FDRE clocked by sys_clk  {rise@0.000ns fall@20.833ns period=41.667ns})
  Path Group:             (none)
  Path Type:              Setup (Max at Slow Process Corner)
  Data Path Delay:        9.133ns  (logic 2.099ns (22.980%)  route 7.034ns (77.020%))
  Logic Levels:           4  (IBUF=1 LUT2=1 LUT4=1 LUT6=1)
  Clock Path Skew:        4.838ns (DCD - SCD + CPR)
    Destination Clock Delay (DCD):    4.838ns
    Source Clock Delay      (SCD):    0.000ns
    Clock Pessimism Removal (CPR):    0.000ns
  Clock Uncertainty:      0.025ns  ((TSJ^2 + TIJ^2)^1/2 + DJ) / 2 + PE
    Total System Jitter     (TSJ):    0.050ns
    Total Input Jitter      (TIJ):    0.000ns
    Discrete Jitter          (DJ):    0.000ns
    Phase Error              (PE):    0.000ns

    Location             Delay type                Incr(ns)  Path(ns)    Netlist Resource(s)
  -------------------------------------------------------------------    -------------------
    A7                                                0.000     0.000 f  sw_alarm_test (IN)
                         net (fo=0)                   0.000     0.000    sw_alarm_test
    A7                   IBUF (Prop_ibuf_I_O)         1.501     1.501 f  sw_alarm_test_IBUF_inst/O
                         net (fo=2, routed)           2.025     3.526    system_wrapper/security_core/controller/sw_alarm_test_IBUF
    SLICE_X52Y91         LUT2 (Prop_lut2_I1_O)        0.146     3.672 f  system_wrapper/security_core/controller/alarm_latched_i_3/O
                         net (fo=2, routed)           2.842     6.514    system_wrapper/security_core/controller/security_clear_alarm0
    SLICE_X49Y46         LUT6 (Prop_lut6_I1_O)        0.328     6.842 f  system_wrapper/security_core/controller/lockdown_counter[26]_i_3/O
                         net (fo=2, routed)           0.966     7.808    system_wrapper/security_core/controller/lockdown_counter[26]_i_3_n_0
    SLICE_X52Y44         LUT4 (Prop_lut4_I3_O)        0.124     7.932 r  system_wrapper/security_core/controller/lockdown_counter[26]_i_1/O
                         net (fo=27, routed)          1.201     9.133    system_wrapper/security_core/controller/lockdown_counter[26]_i_1_n_0
    SLICE_X49Y47         FDRE                                         r  system_wrapper/security_core/controller/lockdown_counter_reg[25]/CE
  -------------------------------------------------------------------    -------------------

                         (clock sys_clk rise edge)    0.000     0.000 r  
    D13                                               0.000     0.000 r  clk_24mhz (IN)
                         net (fo=0)                   0.000     0.000    clk_24mhz
    D13                  IBUF (Prop_ibuf_I_O)         1.424     1.424 r  clk_24mhz_IBUF_inst/O
                         net (fo=1, routed)           1.868     3.292    clk_24mhz_IBUF
    BUFGCTRL_X0Y16       BUFG (Prop_bufg_I_O)         0.091     3.383 r  clk_24mhz_IBUF_BUFG_inst/O
                         net (fo=4073, routed)        1.455     4.838    system_wrapper/security_core/controller/clk_24mhz_IBUF_BUFG
    SLICE_X49Y47         FDRE                                         r  system_wrapper/security_core/controller/lockdown_counter_reg[25]/C

Slack:                    inf
  Source:                 sw_alarm_test
                            (input port)
  Destination:            system_wrapper/security_core/controller/lockdown_counter_reg[26]/CE
                            (rising edge-triggered cell FDRE clocked by sys_clk  {rise@0.000ns fall@20.833ns period=41.667ns})
  Path Group:             (none)
  Path Type:              Setup (Max at Slow Process Corner)
  Data Path Delay:        9.133ns  (logic 2.099ns (22.980%)  route 7.034ns (77.020%))
  Logic Levels:           4  (IBUF=1 LUT2=1 LUT4=1 LUT6=1)
  Clock Path Skew:        4.838ns (DCD - SCD + CPR)
    Destination Clock Delay (DCD):    4.838ns
    Source Clock Delay      (SCD):    0.000ns
    Clock Pessimism Removal (CPR):    0.000ns
  Clock Uncertainty:      0.025ns  ((TSJ^2 + TIJ^2)^1/2 + DJ) / 2 + PE
    Total System Jitter     (TSJ):    0.050ns
    Total Input Jitter      (TIJ):    0.000ns
    Discrete Jitter          (DJ):    0.000ns
    Phase Error              (PE):    0.000ns

    Location             Delay type                Incr(ns)  Path(ns)    Netlist Resource(s)
  -------------------------------------------------------------------    -------------------
    A7                                                0.000     0.000 f  sw_alarm_test (IN)
                         net (fo=0)                   0.000     0.000    sw_alarm_test
    A7                   IBUF (Prop_ibuf_I_O)         1.501     1.501 f  sw_alarm_test_IBUF_inst/O
                         net (fo=2, routed)           2.025     3.526    system_wrapper/security_core/controller/sw_alarm_test_IBUF
    SLICE_X52Y91         LUT2 (Prop_lut2_I1_O)        0.146     3.672 f  system_wrapper/security_core/controller/alarm_latched_i_3/O
                         net (fo=2, routed)           2.842     6.514    system_wrapper/security_core/controller/security_clear_alarm0
    SLICE_X49Y46         LUT6 (Prop_lut6_I1_O)        0.328     6.842 f  system_wrapper/security_core/controller/lockdown_counter[26]_i_3/O
                         net (fo=2, routed)           0.966     7.808    system_wrapper/security_core/controller/lockdown_counter[26]_i_3_n_0
    SLICE_X52Y44         LUT4 (Prop_lut4_I3_O)        0.124     7.932 r  system_wrapper/security_core/controller/lockdown_counter[26]_i_1/O
                         net (fo=27, routed)          1.201     9.133    system_wrapper/security_core/controller/lockdown_counter[26]_i_1_n_0
    SLICE_X49Y47         FDRE                                         r  system_wrapper/security_core/controller/lockdown_counter_reg[26]/CE
  -------------------------------------------------------------------    -------------------

                         (clock sys_clk rise edge)    0.000     0.000 r  
    D13                                               0.000     0.000 r  clk_24mhz (IN)
                         net (fo=0)                   0.000     0.000    clk_24mhz
    D13                  IBUF (Prop_ibuf_I_O)         1.424     1.424 r  clk_24mhz_IBUF_inst/O
                         net (fo=1, routed)           1.868     3.292    clk_24mhz_IBUF
    BUFGCTRL_X0Y16       BUFG (Prop_bufg_I_O)         0.091     3.383 r  clk_24mhz_IBUF_BUFG_inst/O
                         net (fo=4073, routed)        1.455     4.838    system_wrapper/security_core/controller/clk_24mhz_IBUF_BUFG
    SLICE_X49Y47         FDRE                                         r  system_wrapper/security_core/controller/lockdown_counter_reg[26]/C

Slack:                    inf
  Source:                 sw_alarm_test
                            (input port)
  Destination:            system_wrapper/security_core/controller/lockdown_counter_reg[21]/CE
                            (rising edge-triggered cell FDRE clocked by sys_clk  {rise@0.000ns fall@20.833ns period=41.667ns})
  Path Group:             (none)
  Path Type:              Setup (Max at Slow Process Corner)
  Data Path Delay:        8.850ns  (logic 2.099ns (23.715%)  route 6.751ns (76.285%))
  Logic Levels:           4  (IBUF=1 LUT2=1 LUT4=1 LUT6=1)
  Clock Path Skew:        4.837ns (DCD - SCD + CPR)
    Destination Clock Delay (DCD):    4.837ns
    Source Clock Delay      (SCD):    0.000ns
    Clock Pessimism Removal (CPR):    0.000ns
  Clock Uncertainty:      0.025ns  ((TSJ^2 + TIJ^2)^1/2 + DJ) / 2 + PE
    Total System Jitter     (TSJ):    0.050ns
    Total Input Jitter      (TIJ):    0.000ns
    Discrete Jitter          (DJ):    0.000ns
    Phase Error              (PE):    0.000ns

    Location             Delay type                Incr(ns)  Path(ns)    Netlist Resource(s)
  -------------------------------------------------------------------    -------------------
    A7                                                0.000     0.000 f  sw_alarm_test (IN)
                         net (fo=0)                   0.000     0.000    sw_alarm_test
    A7                   IBUF (Prop_ibuf_I_O)         1.501     1.501 f  sw_alarm_test_IBUF_inst/O
                         net (fo=2, routed)           2.025     3.526    system_wrapper/security_core/controller/sw_alarm_test_IBUF
    SLICE_X52Y91         LUT2 (Prop_lut2_I1_O)        0.146     3.672 f  system_wrapper/security_core/controller/alarm_latched_i_3/O
                         net (fo=2, routed)           2.842     6.514    system_wrapper/security_core/controller/security_clear_alarm0
    SLICE_X49Y46         LUT6 (Prop_lut6_I1_O)        0.328     6.842 f  system_wrapper/security_core/controller/lockdown_counter[26]_i_3/O
                         net (fo=2, routed)           0.966     7.808    system_wrapper/security_core/controller/lockdown_counter[26]_i_3_n_0
    SLICE_X52Y44         LUT4 (Prop_lut4_I3_O)        0.124     7.932 r  system_wrapper/security_core/controller/lockdown_counter[26]_i_1/O
                         net (fo=27, routed)          0.918     8.850    system_wrapper/security_core/controller/lockdown_counter[26]_i_1_n_0
    SLICE_X49Y46         FDRE                                         r  system_wrapper/security_core/controller/lockdown_counter_reg[21]/CE
  -------------------------------------------------------------------    -------------------

                         (clock sys_clk rise edge)    0.000     0.000 r  
    D13                                               0.000     0.000 r  clk_24mhz (IN)
                         net (fo=0)                   0.000     0.000    clk_24mhz
    D13                  IBUF (Prop_ibuf_I_O)         1.424     1.424 r  clk_24mhz_IBUF_inst/O
                         net (fo=1, routed)           1.868     3.292    clk_24mhz_IBUF
    BUFGCTRL_X0Y16       BUFG (Prop_bufg_I_O)         0.091     3.383 r  clk_24mhz_IBUF_BUFG_inst/O
                         net (fo=4073, routed)        1.454     4.837    system_wrapper/security_core/controller/clk_24mhz_IBUF_BUFG
    SLICE_X49Y46         FDRE                                         r  system_wrapper/security_core/controller/lockdown_counter_reg[21]/C

Slack:                    inf
  Source:                 sw_alarm_test
                            (input port)
  Destination:            system_wrapper/security_core/controller/lockdown_counter_reg[22]/CE
                            (rising edge-triggered cell FDRE clocked by sys_clk  {rise@0.000ns fall@20.833ns period=41.667ns})
  Path Group:             (none)
  Path Type:              Setup (Max at Slow Process Corner)
  Data Path Delay:        8.850ns  (logic 2.099ns (23.715%)  route 6.751ns (76.285%))
  Logic Levels:           4  (IBUF=1 LUT2=1 LUT4=1 LUT6=1)
  Clock Path Skew:        4.837ns (DCD - SCD + CPR)
    Destination Clock Delay (DCD):    4.837ns
    Source Clock Delay      (SCD):    0.000ns
    Clock Pessimism Removal (CPR):    0.000ns
  Clock Uncertainty:      0.025ns  ((TSJ^2 + TIJ^2)^1/2 + DJ) / 2 + PE
    Total System Jitter     (TSJ):    0.050ns
    Total Input Jitter      (TIJ):    0.000ns
    Discrete Jitter          (DJ):    0.000ns
    Phase Error              (PE):    0.000ns

    Location             Delay type                Incr(ns)  Path(ns)    Netlist Resource(s)
  -------------------------------------------------------------------    -------------------
    A7                                                0.000     0.000 f  sw_alarm_test (IN)
                         net (fo=0)                   0.000     0.000    sw_alarm_test
    A7                   IBUF (Prop_ibuf_I_O)         1.501     1.501 f  sw_alarm_test_IBUF_inst/O
                         net (fo=2, routed)           2.025     3.526    system_wrapper/security_core/controller/sw_alarm_test_IBUF
    SLICE_X52Y91         LUT2 (Prop_lut2_I1_O)        0.146     3.672 f  system_wrapper/security_core/controller/alarm_latched_i_3/O
                         net (fo=2, routed)           2.842     6.514    system_wrapper/security_core/controller/security_clear_alarm0
    SLICE_X49Y46         LUT6 (Prop_lut6_I1_O)        0.328     6.842 f  system_wrapper/security_core/controller/lockdown_counter[26]_i_3/O
                         net (fo=2, routed)           0.966     7.808    system_wrapper/security_core/controller/lockdown_counter[26]_i_3_n_0
    SLICE_X52Y44         LUT4 (Prop_lut4_I3_O)        0.124     7.932 r  system_wrapper/security_core/controller/lockdown_counter[26]_i_1/O
                         net (fo=27, routed)          0.918     8.850    system_wrapper/security_core/controller/lockdown_counter[26]_i_1_n_0
    SLICE_X49Y46         FDRE                                         r  system_wrapper/security_core/controller/lockdown_counter_reg[22]/CE
  -------------------------------------------------------------------    -------------------

                         (clock sys_clk rise edge)    0.000     0.000 r  
    D13                                               0.000     0.000 r  clk_24mhz (IN)
                         net (fo=0)                   0.000     0.000    clk_24mhz
    D13                  IBUF (Prop_ibuf_I_O)         1.424     1.424 r  clk_24mhz_IBUF_inst/O
                         net (fo=1, routed)           1.868     3.292    clk_24mhz_IBUF
    BUFGCTRL_X0Y16       BUFG (Prop_bufg_I_O)         0.091     3.383 r  clk_24mhz_IBUF_BUFG_inst/O
                         net (fo=4073, routed)        1.454     4.837    system_wrapper/security_core/controller/clk_24mhz_IBUF_BUFG
    SLICE_X49Y46         FDRE                                         r  system_wrapper/security_core/controller/lockdown_counter_reg[22]/C

Slack:                    inf
  Source:                 sw_alarm_test
                            (input port)
  Destination:            system_wrapper/security_core/controller/lockdown_counter_reg[23]/CE
                            (rising edge-triggered cell FDRE clocked by sys_clk  {rise@0.000ns fall@20.833ns period=41.667ns})
  Path Group:             (none)
  Path Type:              Setup (Max at Slow Process Corner)
  Data Path Delay:        8.850ns  (logic 2.099ns (23.715%)  route 6.751ns (76.285%))
  Logic Levels:           4  (IBUF=1 LUT2=1 LUT4=1 LUT6=1)
  Clock Path Skew:        4.837ns (DCD - SCD + CPR)
    Destination Clock Delay (DCD):    4.837ns
    Source Clock Delay      (SCD):    0.000ns
    Clock Pessimism Removal (CPR):    0.000ns
  Clock Uncertainty:      0.025ns  ((TSJ^2 + TIJ^2)^1/2 + DJ) / 2 + PE
    Total System Jitter     (TSJ):    0.050ns
    Total Input Jitter      (TIJ):    0.000ns
    Discrete Jitter          (DJ):    0.000ns
    Phase Error              (PE):    0.000ns

    Location             Delay type                Incr(ns)  Path(ns)    Netlist Resource(s)
  -------------------------------------------------------------------    -------------------
    A7                                                0.000     0.000 f  sw_alarm_test (IN)
                         net (fo=0)                   0.000     0.000    sw_alarm_test
    A7                   IBUF (Prop_ibuf_I_O)         1.501     1.501 f  sw_alarm_test_IBUF_inst/O
                         net (fo=2, routed)           2.025     3.526    system_wrapper/security_core/controller/sw_alarm_test_IBUF
    SLICE_X52Y91         LUT2 (Prop_lut2_I1_O)        0.146     3.672 f  system_wrapper/security_core/controller/alarm_latched_i_3/O
                         net (fo=2, routed)           2.842     6.514    system_wrapper/security_core/controller/security_clear_alarm0
    SLICE_X49Y46         LUT6 (Prop_lut6_I1_O)        0.328     6.842 f  system_wrapper/security_core/controller/lockdown_counter[26]_i_3/O
                         net (fo=2, routed)           0.966     7.808    system_wrapper/security_core/controller/lockdown_counter[26]_i_3_n_0
    SLICE_X52Y44         LUT4 (Prop_lut4_I3_O)        0.124     7.932 r  system_wrapper/security_core/controller/lockdown_counter[26]_i_1/O
                         net (fo=27, routed)          0.918     8.850    system_wrapper/security_core/controller/lockdown_counter[26]_i_1_n_0
    SLICE_X49Y46         FDRE                                         r  system_wrapper/security_core/controller/lockdown_counter_reg[23]/CE
  -------------------------------------------------------------------    -------------------

                         (clock sys_clk rise edge)    0.000     0.000 r  
    D13                                               0.000     0.000 r  clk_24mhz (IN)
                         net (fo=0)                   0.000     0.000    clk_24mhz
    D13                  IBUF (Prop_ibuf_I_O)         1.424     1.424 r  clk_24mhz_IBUF_inst/O
                         net (fo=1, routed)           1.868     3.292    clk_24mhz_IBUF
    BUFGCTRL_X0Y16       BUFG (Prop_bufg_I_O)         0.091     3.383 r  clk_24mhz_IBUF_BUFG_inst/O
                         net (fo=4073, routed)        1.454     4.837    system_wrapper/security_core/controller/clk_24mhz_IBUF_BUFG
    SLICE_X49Y46         FDRE                                         r  system_wrapper/security_core/controller/lockdown_counter_reg[23]/C

Slack:                    inf
  Source:                 sw_alarm_test
                            (input port)
  Destination:            system_wrapper/security_core/controller/lockdown_counter_reg[24]/CE
                            (rising edge-triggered cell FDRE clocked by sys_clk  {rise@0.000ns fall@20.833ns period=41.667ns})
  Path Group:             (none)
  Path Type:              Setup (Max at Slow Process Corner)
  Data Path Delay:        8.850ns  (logic 2.099ns (23.715%)  route 6.751ns (76.285%))
  Logic Levels:           4  (IBUF=1 LUT2=1 LUT4=1 LUT6=1)
  Clock Path Skew:        4.837ns (DCD - SCD + CPR)
    Destination Clock Delay (DCD):    4.837ns
    Source Clock Delay      (SCD):    0.000ns
    Clock Pessimism Removal (CPR):    0.000ns
  Clock Uncertainty:      0.025ns  ((TSJ^2 + TIJ^2)^1/2 + DJ) / 2 + PE
    Total System Jitter     (TSJ):    0.050ns
    Total Input Jitter      (TIJ):    0.000ns
    Discrete Jitter          (DJ):    0.000ns
    Phase Error              (PE):    0.000ns

    Location             Delay type                Incr(ns)  Path(ns)    Netlist Resource(s)
  -------------------------------------------------------------------    -------------------
    A7                                                0.000     0.000 f  sw_alarm_test (IN)
                         net (fo=0)                   0.000     0.000    sw_alarm_test
    A7                   IBUF (Prop_ibuf_I_O)         1.501     1.501 f  sw_alarm_test_IBUF_inst/O
                         net (fo=2, routed)           2.025     3.526    system_wrapper/security_core/controller/sw_alarm_test_IBUF
    SLICE_X52Y91         LUT2 (Prop_lut2_I1_O)        0.146     3.672 f  system_wrapper/security_core/controller/alarm_latched_i_3/O
                         net (fo=2, routed)           2.842     6.514    system_wrapper/security_core/controller/security_clear_alarm0
    SLICE_X49Y46         LUT6 (Prop_lut6_I1_O)        0.328     6.842 f  system_wrapper/security_core/controller/lockdown_counter[26]_i_3/O
                         net (fo=2, routed)           0.966     7.808    system_wrapper/security_core/controller/lockdown_counter[26]_i_3_n_0
    SLICE_X52Y44         LUT4 (Prop_lut4_I3_O)        0.124     7.932 r  system_wrapper/security_core/controller/lockdown_counter[26]_i_1/O
                         net (fo=27, routed)          0.918     8.850    system_wrapper/security_core/controller/lockdown_counter[26]_i_1_n_0
    SLICE_X49Y46         FDRE                                         r  system_wrapper/security_core/controller/lockdown_counter_reg[24]/CE
  -------------------------------------------------------------------    -------------------

                         (clock sys_clk rise edge)    0.000     0.000 r  
    D13                                               0.000     0.000 r  clk_24mhz (IN)
                         net (fo=0)                   0.000     0.000    clk_24mhz
    D13                  IBUF (Prop_ibuf_I_O)         1.424     1.424 r  clk_24mhz_IBUF_inst/O
                         net (fo=1, routed)           1.868     3.292    clk_24mhz_IBUF
    BUFGCTRL_X0Y16       BUFG (Prop_bufg_I_O)         0.091     3.383 r  clk_24mhz_IBUF_BUFG_inst/O
                         net (fo=4073, routed)        1.454     4.837    system_wrapper/security_core/controller/clk_24mhz_IBUF_BUFG
    SLICE_X49Y46         FDRE                                         r  system_wrapper/security_core/controller/lockdown_counter_reg[24]/C

Slack:                    inf
  Source:                 sw_alarm_test
                            (input port)
  Destination:            system_wrapper/security_core/controller/lockdown_counter_reg[0]/CE
                            (rising edge-triggered cell FDRE clocked by sys_clk  {rise@0.000ns fall@20.833ns period=41.667ns})
  Path Group:             (none)
  Path Type:              Setup (Max at Slow Process Corner)
  Data Path Delay:        8.540ns  (logic 2.099ns (24.575%)  route 6.441ns (75.425%))
  Logic Levels:           4  (IBUF=1 LUT2=1 LUT4=1 LUT6=1)
  Clock Path Skew:        4.837ns (DCD - SCD + CPR)
    Destination Clock Delay (DCD):    4.837ns
    Source Clock Delay      (SCD):    0.000ns
    Clock Pessimism Removal (CPR):    0.000ns
  Clock Uncertainty:      0.025ns  ((TSJ^2 + TIJ^2)^1/2 + DJ) / 2 + PE
    Total System Jitter     (TSJ):    0.050ns
    Total Input Jitter      (TIJ):    0.000ns
    Discrete Jitter          (DJ):    0.000ns
    Phase Error              (PE):    0.000ns

    Location             Delay type                Incr(ns)  Path(ns)    Netlist Resource(s)
  -------------------------------------------------------------------    -------------------
    A7                                                0.000     0.000 f  sw_alarm_test (IN)
                         net (fo=0)                   0.000     0.000    sw_alarm_test
    A7                   IBUF (Prop_ibuf_I_O)         1.501     1.501 f  sw_alarm_test_IBUF_inst/O
                         net (fo=2, routed)           2.025     3.526    system_wrapper/security_core/controller/sw_alarm_test_IBUF
    SLICE_X52Y91         LUT2 (Prop_lut2_I1_O)        0.146     3.672 f  system_wrapper/security_core/controller/alarm_latched_i_3/O
                         net (fo=2, routed)           2.842     6.514    system_wrapper/security_core/controller/security_clear_alarm0
    SLICE_X49Y46         LUT6 (Prop_lut6_I1_O)        0.328     6.842 f  system_wrapper/security_core/controller/lockdown_counter[26]_i_3/O
                         net (fo=2, routed)           0.966     7.808    system_wrapper/security_core/controller/lockdown_counter[26]_i_3_n_0
    SLICE_X52Y44         LUT4 (Prop_lut4_I3_O)        0.124     7.932 r  system_wrapper/security_core/controller/lockdown_counter[26]_i_1/O
                         net (fo=27, routed)          0.608     8.540    system_wrapper/security_core/controller/lockdown_counter[26]_i_1_n_0
    SLICE_X53Y42         FDRE                                         r  system_wrapper/security_core/controller/lockdown_counter_reg[0]/CE
  -------------------------------------------------------------------    -------------------

                         (clock sys_clk rise edge)    0.000     0.000 r  
    D13                                               0.000     0.000 r  clk_24mhz (IN)
                         net (fo=0)                   0.000     0.000    clk_24mhz
    D13                  IBUF (Prop_ibuf_I_O)         1.424     1.424 r  clk_24mhz_IBUF_inst/O
                         net (fo=1, routed)           1.868     3.292    clk_24mhz_IBUF
    BUFGCTRL_X0Y16       BUFG (Prop_bufg_I_O)         0.091     3.383 r  clk_24mhz_IBUF_BUFG_inst/O
                         net (fo=4073, routed)        1.454     4.837    system_wrapper/security_core/controller/clk_24mhz_IBUF_BUFG
    SLICE_X53Y42         FDRE                                         r  system_wrapper/security_core/controller/lockdown_counter_reg[0]/C

Slack:                    inf
  Source:                 sw_alarm_test
                            (input port)
  Destination:            system_wrapper/security_core/controller/lockdown_counter_reg[1]/CE
                            (rising edge-triggered cell FDRE clocked by sys_clk  {rise@0.000ns fall@20.833ns period=41.667ns})
  Path Group:             (none)
  Path Type:              Setup (Max at Slow Process Corner)
  Data Path Delay:        8.540ns  (logic 2.099ns (24.575%)  route 6.441ns (75.425%))
  Logic Levels:           4  (IBUF=1 LUT2=1 LUT4=1 LUT6=1)
  Clock Path Skew:        4.837ns (DCD - SCD + CPR)
    Destination Clock Delay (DCD):    4.837ns
    Source Clock Delay      (SCD):    0.000ns
    Clock Pessimism Removal (CPR):    0.000ns
  Clock Uncertainty:      0.025ns  ((TSJ^2 + TIJ^2)^1/2 + DJ) / 2 + PE
    Total System Jitter     (TSJ):    0.050ns
    Total Input Jitter      (TIJ):    0.000ns
    Discrete Jitter          (DJ):    0.000ns
    Phase Error              (PE):    0.000ns

    Location             Delay type                Incr(ns)  Path(ns)    Netlist Resource(s)
  -------------------------------------------------------------------    -------------------
    A7                                                0.000     0.000 f  sw_alarm_test (IN)
                         net (fo=0)                   0.000     0.000    sw_alarm_test
    A7                   IBUF (Prop_ibuf_I_O)         1.501     1.501 f  sw_alarm_test_IBUF_inst/O
                         net (fo=2, routed)           2.025     3.526    system_wrapper/security_core/controller/sw_alarm_test_IBUF
    SLICE_X52Y91         LUT2 (Prop_lut2_I1_O)        0.146     3.672 f  system_wrapper/security_core/controller/alarm_latched_i_3/O
                         net (fo=2, routed)           2.842     6.514    system_wrapper/security_core/controller/security_clear_alarm0
    SLICE_X49Y46         LUT6 (Prop_lut6_I1_O)        0.328     6.842 f  system_wrapper/security_core/controller/lockdown_counter[26]_i_3/O
                         net (fo=2, routed)           0.966     7.808    system_wrapper/security_core/controller/lockdown_counter[26]_i_3_n_0
    SLICE_X52Y44         LUT4 (Prop_lut4_I3_O)        0.124     7.932 r  system_wrapper/security_core/controller/lockdown_counter[26]_i_1/O
                         net (fo=27, routed)          0.608     8.540    system_wrapper/security_core/controller/lockdown_counter[26]_i_1_n_0
    SLICE_X52Y42         FDRE                                         r  system_wrapper/security_core/controller/lockdown_counter_reg[1]/CE
  -------------------------------------------------------------------    -------------------

                         (clock sys_clk rise edge)    0.000     0.000 r  
    D13                                               0.000     0.000 r  clk_24mhz (IN)
                         net (fo=0)                   0.000     0.000    clk_24mhz
    D13                  IBUF (Prop_ibuf_I_O)         1.424     1.424 r  clk_24mhz_IBUF_inst/O
                         net (fo=1, routed)           1.868     3.292    clk_24mhz_IBUF
    BUFGCTRL_X0Y16       BUFG (Prop_bufg_I_O)         0.091     3.383 r  clk_24mhz_IBUF_BUFG_inst/O
                         net (fo=4073, routed)        1.454     4.837    system_wrapper/security_core/controller/clk_24mhz_IBUF_BUFG
    SLICE_X52Y42         FDRE                                         r  system_wrapper/security_core/controller/lockdown_counter_reg[1]/C

Slack:                    inf
  Source:                 sw_alarm_test
                            (input port)
  Destination:            system_wrapper/security_core/controller/lockdown_counter_reg[2]/CE
                            (rising edge-triggered cell FDRE clocked by sys_clk  {rise@0.000ns fall@20.833ns period=41.667ns})
  Path Group:             (none)
  Path Type:              Setup (Max at Slow Process Corner)
  Data Path Delay:        8.540ns  (logic 2.099ns (24.575%)  route 6.441ns (75.425%))
  Logic Levels:           4  (IBUF=1 LUT2=1 LUT4=1 LUT6=1)
  Clock Path Skew:        4.837ns (DCD - SCD + CPR)
    Destination Clock Delay (DCD):    4.837ns
    Source Clock Delay      (SCD):    0.000ns
    Clock Pessimism Removal (CPR):    0.000ns
  Clock Uncertainty:      0.025ns  ((TSJ^2 + TIJ^2)^1/2 + DJ) / 2 + PE
    Total System Jitter     (TSJ):    0.050ns
    Total Input Jitter      (TIJ):    0.000ns
    Discrete Jitter          (DJ):    0.000ns
    Phase Error              (PE):    0.000ns

    Location             Delay type                Incr(ns)  Path(ns)    Netlist Resource(s)
  -------------------------------------------------------------------    -------------------
    A7                                                0.000     0.000 f  sw_alarm_test (IN)
                         net (fo=0)                   0.000     0.000    sw_alarm_test
    A7                   IBUF (Prop_ibuf_I_O)         1.501     1.501 f  sw_alarm_test_IBUF_inst/O
                         net (fo=2, routed)           2.025     3.526    system_wrapper/security_core/controller/sw_alarm_test_IBUF
    SLICE_X52Y91         LUT2 (Prop_lut2_I1_O)        0.146     3.672 f  system_wrapper/security_core/controller/alarm_latched_i_3/O
                         net (fo=2, routed)           2.842     6.514    system_wrapper/security_core/controller/security_clear_alarm0
    SLICE_X49Y46         LUT6 (Prop_lut6_I1_O)        0.328     6.842 f  system_wrapper/security_core/controller/lockdown_counter[26]_i_3/O
                         net (fo=2, routed)           0.966     7.808    system_wrapper/security_core/controller/lockdown_counter[26]_i_3_n_0
    SLICE_X52Y44         LUT4 (Prop_lut4_I3_O)        0.124     7.932 r  system_wrapper/security_core/controller/lockdown_counter[26]_i_1/O
                         net (fo=27, routed)          0.608     8.540    system_wrapper/security_core/controller/lockdown_counter[26]_i_1_n_0
    SLICE_X52Y42         FDRE                                         r  system_wrapper/security_core/controller/lockdown_counter_reg[2]/CE
  -------------------------------------------------------------------    -------------------

                         (clock sys_clk rise edge)    0.000     0.000 r  
    D13                                               0.000     0.000 r  clk_24mhz (IN)
                         net (fo=0)                   0.000     0.000    clk_24mhz
    D13                  IBUF (Prop_ibuf_I_O)         1.424     1.424 r  clk_24mhz_IBUF_inst/O
                         net (fo=1, routed)           1.868     3.292    clk_24mhz_IBUF
    BUFGCTRL_X0Y16       BUFG (Prop_bufg_I_O)         0.091     3.383 r  clk_24mhz_IBUF_BUFG_inst/O
                         net (fo=4073, routed)        1.454     4.837    system_wrapper/security_core/controller/clk_24mhz_IBUF_BUFG
    SLICE_X52Y42         FDRE                                         r  system_wrapper/security_core/controller/lockdown_counter_reg[2]/C

Slack:                    inf
  Source:                 sw_alarm_test
                            (input port)
  Destination:            system_wrapper/security_core/controller/lockdown_counter_reg[3]/CE
                            (rising edge-triggered cell FDRE clocked by sys_clk  {rise@0.000ns fall@20.833ns period=41.667ns})
  Path Group:             (none)
  Path Type:              Setup (Max at Slow Process Corner)
  Data Path Delay:        8.540ns  (logic 2.099ns (24.575%)  route 6.441ns (75.425%))
  Logic Levels:           4  (IBUF=1 LUT2=1 LUT4=1 LUT6=1)
  Clock Path Skew:        4.837ns (DCD - SCD + CPR)
    Destination Clock Delay (DCD):    4.837ns
    Source Clock Delay      (SCD):    0.000ns
    Clock Pessimism Removal (CPR):    0.000ns
  Clock Uncertainty:      0.025ns  ((TSJ^2 + TIJ^2)^1/2 + DJ) / 2 + PE
    Total System Jitter     (TSJ):    0.050ns
    Total Input Jitter      (TIJ):    0.000ns
    Discrete Jitter          (DJ):    0.000ns
    Phase Error              (PE):    0.000ns

    Location             Delay type                Incr(ns)  Path(ns)    Netlist Resource(s)
  -------------------------------------------------------------------    -------------------
    A7                                                0.000     0.000 f  sw_alarm_test (IN)
                         net (fo=0)                   0.000     0.000    sw_alarm_test
    A7                   IBUF (Prop_ibuf_I_O)         1.501     1.501 f  sw_alarm_test_IBUF_inst/O
                         net (fo=2, routed)           2.025     3.526    system_wrapper/security_core/controller/sw_alarm_test_IBUF
    SLICE_X52Y91         LUT2 (Prop_lut2_I1_O)        0.146     3.672 f  system_wrapper/security_core/controller/alarm_latched_i_3/O
                         net (fo=2, routed)           2.842     6.514    system_wrapper/security_core/controller/security_clear_alarm0
    SLICE_X49Y46         LUT6 (Prop_lut6_I1_O)        0.328     6.842 f  system_wrapper/security_core/controller/lockdown_counter[26]_i_3/O
                         net (fo=2, routed)           0.966     7.808    system_wrapper/security_core/controller/lockdown_counter[26]_i_3_n_0
    SLICE_X52Y44         LUT4 (Prop_lut4_I3_O)        0.124     7.932 r  system_wrapper/security_core/controller/lockdown_counter[26]_i_1/O
                         net (fo=27, routed)          0.608     8.540    system_wrapper/security_core/controller/lockdown_counter[26]_i_1_n_0
    SLICE_X52Y42         FDRE                                         r  system_wrapper/security_core/controller/lockdown_counter_reg[3]/CE
  -------------------------------------------------------------------    -------------------

                         (clock sys_clk rise edge)    0.000     0.000 r  
    D13                                               0.000     0.000 r  clk_24mhz (IN)
                         net (fo=0)                   0.000     0.000    clk_24mhz
    D13                  IBUF (Prop_ibuf_I_O)         1.424     1.424 r  clk_24mhz_IBUF_inst/O
                         net (fo=1, routed)           1.868     3.292    clk_24mhz_IBUF
    BUFGCTRL_X0Y16       BUFG (Prop_bufg_I_O)         0.091     3.383 r  clk_24mhz_IBUF_BUFG_inst/O
                         net (fo=4073, routed)        1.454     4.837    system_wrapper/security_core/controller/clk_24mhz_IBUF_BUFG
    SLICE_X52Y42         FDRE                                         r  system_wrapper/security_core/controller/lockdown_counter_reg[3]/C





Min Delay Paths
--------------------------------------------------------------------------------------
Slack:                    inf
  Source:                 pmod_uart_rx
                            (input port)
  Destination:            system_wrapper/peripherals/pmod_uart/receiver/rx_meta_reg/D
                            (rising edge-triggered cell FDRE clocked by sys_clk  {rise@0.000ns fall@20.833ns period=41.667ns})
  Path Group:             (none)
  Path Type:              Hold (Min at Fast Process Corner)
  Data Path Delay:        0.765ns  (logic 0.257ns (33.607%)  route 0.508ns (66.393%))
  Logic Levels:           1  (IBUF=1)
  Clock Path Skew:        2.034ns (DCD - SCD - CPR)
    Destination Clock Delay (DCD):    2.034ns
    Source Clock Delay      (SCD):    0.000ns
    Clock Pessimism Removal (CPR):    -0.000ns

    Location             Delay type                Incr(ns)  Path(ns)    Netlist Resource(s)
  -------------------------------------------------------------------    -------------------
    T3                                                0.000     0.000 r  pmod_uart_rx (IN)
                         net (fo=0)                   0.000     0.000    pmod_uart_rx
    T3                   IBUF (Prop_ibuf_I_O)         0.257     0.257 r  pmod_uart_rx_IBUF_inst/O
                         net (fo=1, routed)           0.508     0.765    system_wrapper/peripherals/pmod_uart/receiver/pmod_uart_rx
    SLICE_X63Y40         FDRE                                         r  system_wrapper/peripherals/pmod_uart/receiver/rx_meta_reg/D
  -------------------------------------------------------------------    -------------------

                         (clock sys_clk rise edge)    0.000     0.000 r  
    D13                                               0.000     0.000 r  clk_24mhz (IN)
                         net (fo=0)                   0.000     0.000    clk_24mhz
    D13                  IBUF (Prop_ibuf_I_O)         0.450     0.450 r  clk_24mhz_IBUF_inst/O
                         net (fo=1, routed)           0.689     1.139    clk_24mhz_IBUF
    BUFGCTRL_X0Y16       BUFG (Prop_bufg_I_O)         0.029     1.168 r  clk_24mhz_IBUF_BUFG_inst/O
                         net (fo=4073, routed)        0.867     2.034    system_wrapper/peripherals/pmod_uart/receiver/clk_24mhz_IBUF_BUFG
    SLICE_X63Y40         FDRE                                         r  system_wrapper/peripherals/pmod_uart/receiver/rx_meta_reg/C

Slack:                    inf
  Source:                 adc_miso
                            (input port)
  Destination:            system_wrapper/peripherals/sampler/spi/shift_in_reg[0]/D
                            (rising edge-triggered cell FDRE clocked by sys_clk  {rise@0.000ns fall@20.833ns period=41.667ns})
  Path Group:             (none)
  Path Type:              Hold (Min at Fast Process Corner)
  Data Path Delay:        1.035ns  (logic 0.241ns (23.248%)  route 0.794ns (76.752%))
  Logic Levels:           1  (IBUF=1)
  Clock Path Skew:        2.002ns (DCD - SCD - CPR)
    Destination Clock Delay (DCD):    2.002ns
    Source Clock Delay      (SCD):    0.000ns
    Clock Pessimism Removal (CPR):    -0.000ns

    Location             Delay type                Incr(ns)  Path(ns)    Netlist Resource(s)
  -------------------------------------------------------------------    -------------------
    G14                                               0.000     0.000 r  adc_miso (IN)
                         net (fo=0)                   0.000     0.000    adc_miso
    G14                  IBUF (Prop_ibuf_I_O)         0.241     0.241 r  adc_miso_IBUF_inst/O
                         net (fo=1, routed)           0.794     1.035    system_wrapper/peripherals/sampler/spi/adc_miso
    SLICE_X33Y48         FDRE                                         r  system_wrapper/peripherals/sampler/spi/shift_in_reg[0]/D
  -------------------------------------------------------------------    -------------------

                         (clock sys_clk rise edge)    0.000     0.000 r  
    D13                                               0.000     0.000 r  clk_24mhz (IN)
                         net (fo=0)                   0.000     0.000    clk_24mhz
    D13                  IBUF (Prop_ibuf_I_O)         0.450     0.450 r  clk_24mhz_IBUF_inst/O
                         net (fo=1, routed)           0.689     1.139    clk_24mhz_IBUF
    BUFGCTRL_X0Y16       BUFG (Prop_bufg_I_O)         0.029     1.168 r  clk_24mhz_IBUF_BUFG_inst/O
                         net (fo=4073, routed)        0.835     2.002    system_wrapper/peripherals/sampler/spi/clk_24mhz_IBUF_BUFG
    SLICE_X33Y48         FDRE                                         r  system_wrapper/peripherals/sampler/spi/shift_in_reg[0]/C

Slack:                    inf
  Source:                 keypad_col_n[1]
                            (input port)
  Destination:            system_wrapper/peripherals/keypad/candidate_reg[1]/D
                            (rising edge-triggered cell FDRE clocked by sys_clk  {rise@0.000ns fall@20.833ns period=41.667ns})
  Path Group:             (none)
  Path Type:              Hold (Min at Fast Process Corner)
  Data Path Delay:        1.150ns  (logic 0.285ns (24.764%)  route 0.865ns (75.236%))
  Logic Levels:           2  (IBUF=1 LUT5=1)
  Clock Path Skew:        1.987ns (DCD - SCD - CPR)
    Destination Clock Delay (DCD):    1.987ns
    Source Clock Delay      (SCD):    0.000ns
    Clock Pessimism Removal (CPR):    -0.000ns

    Location             Delay type                Incr(ns)  Path(ns)    Netlist Resource(s)
  -------------------------------------------------------------------    -------------------
    D6                                                0.000     0.000 r  keypad_col_n[1] (IN)
                         net (fo=0)                   0.000     0.000    keypad_col_n[1]
    D6                   IBUF (Prop_ibuf_I_O)         0.242     0.242 r  keypad_col_n_IBUF[1]_inst/O
                         net (fo=8, routed)           0.865     1.107    system_wrapper/peripherals/keypad/keypad_col_n_IBUF[1]
    SLICE_X54Y72         LUT5 (Prop_lut5_I2_O)        0.043     1.150 r  system_wrapper/peripherals/keypad/candidate[1]_i_1/O
                         net (fo=1, routed)           0.000     1.150    system_wrapper/peripherals/keypad/make_code[1]
    SLICE_X54Y72         FDRE                                         r  system_wrapper/peripherals/keypad/candidate_reg[1]/D
  -------------------------------------------------------------------    -------------------

                         (clock sys_clk rise edge)    0.000     0.000 r  
    D13                                               0.000     0.000 r  clk_24mhz (IN)
                         net (fo=0)                   0.000     0.000    clk_24mhz
    D13                  IBUF (Prop_ibuf_I_O)         0.450     0.450 r  clk_24mhz_IBUF_inst/O
                         net (fo=1, routed)           0.689     1.139    clk_24mhz_IBUF
    BUFGCTRL_X0Y16       BUFG (Prop_bufg_I_O)         0.029     1.168 r  clk_24mhz_IBUF_BUFG_inst/O
                         net (fo=4073, routed)        0.819     1.987    system_wrapper/peripherals/keypad/clk_24mhz_IBUF_BUFG
    SLICE_X54Y72         FDRE                                         r  system_wrapper/peripherals/keypad/candidate_reg[1]/C

Slack:                    inf
  Source:                 keypad_col_n[1]
                            (input port)
  Destination:            system_wrapper/peripherals/keypad/candidate_reg[0]/D
                            (rising edge-triggered cell FDRE clocked by sys_clk  {rise@0.000ns fall@20.833ns period=41.667ns})
  Path Group:             (none)
  Path Type:              Hold (Min at Fast Process Corner)
  Data Path Delay:        1.152ns  (logic 0.287ns (24.895%)  route 0.865ns (75.105%))
  Logic Levels:           2  (IBUF=1 LUT5=1)
  Clock Path Skew:        1.987ns (DCD - SCD - CPR)
    Destination Clock Delay (DCD):    1.987ns
    Source Clock Delay      (SCD):    0.000ns
    Clock Pessimism Removal (CPR):    -0.000ns

    Location             Delay type                Incr(ns)  Path(ns)    Netlist Resource(s)
  -------------------------------------------------------------------    -------------------
    D6                                                0.000     0.000 r  keypad_col_n[1] (IN)
                         net (fo=0)                   0.000     0.000    keypad_col_n[1]
    D6                   IBUF (Prop_ibuf_I_O)         0.242     0.242 r  keypad_col_n_IBUF[1]_inst/O
                         net (fo=8, routed)           0.865     1.107    system_wrapper/peripherals/keypad/keypad_col_n_IBUF[1]
    SLICE_X54Y72         LUT5 (Prop_lut5_I2_O)        0.045     1.152 r  system_wrapper/peripherals/keypad/candidate[0]_i_1/O
                         net (fo=1, routed)           0.000     1.152    system_wrapper/peripherals/keypad/make_code[0]
    SLICE_X54Y72         FDRE                                         r  system_wrapper/peripherals/keypad/candidate_reg[0]/D
  -------------------------------------------------------------------    -------------------

                         (clock sys_clk rise edge)    0.000     0.000 r  
    D13                                               0.000     0.000 r  clk_24mhz (IN)
                         net (fo=0)                   0.000     0.000    clk_24mhz
    D13                  IBUF (Prop_ibuf_I_O)         0.450     0.450 r  clk_24mhz_IBUF_inst/O
                         net (fo=1, routed)           0.689     1.139    clk_24mhz_IBUF
    BUFGCTRL_X0Y16       BUFG (Prop_bufg_I_O)         0.029     1.168 r  clk_24mhz_IBUF_BUFG_inst/O
                         net (fo=4073, routed)        0.819     1.987    system_wrapper/peripherals/keypad/clk_24mhz_IBUF_BUFG
    SLICE_X54Y72         FDRE                                         r  system_wrapper/peripherals/keypad/candidate_reg[0]/C

Slack:                    inf
  Source:                 keypad_col_n[3]
                            (input port)
  Destination:            system_wrapper/peripherals/keypad/stable_count_reg[0]/D
                            (rising edge-triggered cell FDRE clocked by sys_clk  {rise@0.000ns fall@20.833ns period=41.667ns})
  Path Group:             (none)
  Path Type:              Hold (Min at Fast Process Corner)
  Data Path Delay:        1.227ns  (logic 0.416ns (33.866%)  route 0.812ns (66.134%))
  Logic Levels:           3  (IBUF=1 LUT5=2)
  Clock Path Skew:        1.989ns (DCD - SCD - CPR)
    Destination Clock Delay (DCD):    1.989ns
    Source Clock Delay      (SCD):    0.000ns
    Clock Pessimism Removal (CPR):    -0.000ns

    Location             Delay type                Incr(ns)  Path(ns)    Netlist Resource(s)
  -------------------------------------------------------------------    -------------------
    F3                                                0.000     0.000 f  keypad_col_n[3] (IN)
                         net (fo=0)                   0.000     0.000    keypad_col_n[3]
    F3                   IBUF (Prop_ibuf_I_O)         0.255     0.255 f  keypad_col_n_IBUF[3]_inst/O
                         net (fo=2, routed)           0.626     0.880    system_wrapper/peripherals/keypad/keypad_col_n_IBUF[3]
    SLICE_X54Y71         LUT5 (Prop_lut5_I4_O)        0.043     0.923 f  system_wrapper/peripherals/keypad/stable_count[2]_i_2/O
                         net (fo=4, routed)           0.186     1.109    system_wrapper/peripherals/keypad/stable_count[2]_i_2_n_0
    SLICE_X53Y70         LUT5 (Prop_lut5_I4_O)        0.118     1.227 r  system_wrapper/peripherals/keypad/stable_count[0]_i_1/O
                         net (fo=1, routed)           0.000     1.227    system_wrapper/peripherals/keypad/stable_count[0]_i_1_n_0
    SLICE_X53Y70         FDRE                                         r  system_wrapper/peripherals/keypad/stable_count_reg[0]/D
  -------------------------------------------------------------------    -------------------

                         (clock sys_clk rise edge)    0.000     0.000 r  
    D13                                               0.000     0.000 r  clk_24mhz (IN)
                         net (fo=0)                   0.000     0.000    clk_24mhz
    D13                  IBUF (Prop_ibuf_I_O)         0.450     0.450 r  clk_24mhz_IBUF_inst/O
                         net (fo=1, routed)           0.689     1.139    clk_24mhz_IBUF
    BUFGCTRL_X0Y16       BUFG (Prop_bufg_I_O)         0.029     1.168 r  clk_24mhz_IBUF_BUFG_inst/O
                         net (fo=4073, routed)        0.822     1.989    system_wrapper/peripherals/keypad/clk_24mhz_IBUF_BUFG
    SLICE_X53Y70         FDRE                                         r  system_wrapper/peripherals/keypad/stable_count_reg[0]/C

Slack:                    inf
  Source:                 keypad_col_n[3]
                            (input port)
  Destination:            system_wrapper/peripherals/keypad/stable_count_reg[1]/D
                            (rising edge-triggered cell FDRE clocked by sys_clk  {rise@0.000ns fall@20.833ns period=41.667ns})
  Path Group:             (none)
  Path Type:              Hold (Min at Fast Process Corner)
  Data Path Delay:        1.271ns  (logic 0.345ns (27.125%)  route 0.926ns (72.875%))
  Logic Levels:           3  (IBUF=1 LUT5=1 LUT6=1)
  Clock Path Skew:        1.989ns (DCD - SCD - CPR)
    Destination Clock Delay (DCD):    1.989ns
    Source Clock Delay      (SCD):    0.000ns
    Clock Pessimism Removal (CPR):    -0.000ns

    Location             Delay type                Incr(ns)  Path(ns)    Netlist Resource(s)
  -------------------------------------------------------------------    -------------------
    F3                                                0.000     0.000 r  keypad_col_n[3] (IN)
                         net (fo=0)                   0.000     0.000    keypad_col_n[3]
    F3                   IBUF (Prop_ibuf_I_O)         0.255     0.255 r  keypad_col_n_IBUF[3]_inst/O
                         net (fo=2, routed)           0.626     0.880    system_wrapper/peripherals/keypad/keypad_col_n_IBUF[3]
    SLICE_X54Y71         LUT5 (Prop_lut5_I4_O)        0.045     0.925 r  system_wrapper/peripherals/keypad/candidate[3]_i_4/O
                         net (fo=5, routed)           0.300     1.226    system_wrapper/peripherals/keypad/candidate[3]_i_4_n_0
    SLICE_X53Y70         LUT6 (Prop_lut6_I1_O)        0.045     1.271 r  system_wrapper/peripherals/keypad/stable_count[1]_i_1/O
                         net (fo=1, routed)           0.000     1.271    system_wrapper/peripherals/keypad/stable_count[1]_i_1_n_0
    SLICE_X53Y70         FDRE                                         r  system_wrapper/peripherals/keypad/stable_count_reg[1]/D
  -------------------------------------------------------------------    -------------------

                         (clock sys_clk rise edge)    0.000     0.000 r  
    D13                                               0.000     0.000 r  clk_24mhz (IN)
                         net (fo=0)                   0.000     0.000    clk_24mhz
    D13                  IBUF (Prop_ibuf_I_O)         0.450     0.450 r  clk_24mhz_IBUF_inst/O
                         net (fo=1, routed)           0.689     1.139    clk_24mhz_IBUF
    BUFGCTRL_X0Y16       BUFG (Prop_bufg_I_O)         0.029     1.168 r  clk_24mhz_IBUF_BUFG_inst/O
                         net (fo=4073, routed)        0.822     1.989    system_wrapper/peripherals/keypad/clk_24mhz_IBUF_BUFG
    SLICE_X53Y70         FDRE                                         r  system_wrapper/peripherals/keypad/stable_count_reg[1]/C

Slack:                    inf
  Source:                 keypad_col_n[3]
                            (input port)
  Destination:            system_wrapper/peripherals/keypad/key_latched_reg/D
                            (rising edge-triggered cell FDRE clocked by sys_clk  {rise@0.000ns fall@20.833ns period=41.667ns})
  Path Group:             (none)
  Path Type:              Hold (Min at Fast Process Corner)
  Data Path Delay:        1.304ns  (logic 0.416ns (31.868%)  route 0.889ns (68.132%))
  Logic Levels:           3  (IBUF=1 LUT3=1 LUT5=1)
  Clock Path Skew:        1.989ns (DCD - SCD - CPR)
    Destination Clock Delay (DCD):    1.989ns
    Source Clock Delay      (SCD):    0.000ns
    Clock Pessimism Removal (CPR):    -0.000ns

    Location             Delay type                Incr(ns)  Path(ns)    Netlist Resource(s)
  -------------------------------------------------------------------    -------------------
    F3                                                0.000     0.000 f  keypad_col_n[3] (IN)
                         net (fo=0)                   0.000     0.000    keypad_col_n[3]
    F3                   IBUF (Prop_ibuf_I_O)         0.255     0.255 f  keypad_col_n_IBUF[3]_inst/O
                         net (fo=2, routed)           0.626     0.880    system_wrapper/peripherals/keypad/keypad_col_n_IBUF[3]
    SLICE_X54Y71         LUT5 (Prop_lut5_I4_O)        0.043     0.923 f  system_wrapper/peripherals/keypad/stable_count[2]_i_2/O
                         net (fo=4, routed)           0.263     1.186    system_wrapper/peripherals/keypad/stable_count[2]_i_2_n_0
    SLICE_X52Y70         LUT3 (Prop_lut3_I2_O)        0.118     1.304 r  system_wrapper/peripherals/keypad/key_latched_i_1/O
                         net (fo=1, routed)           0.000     1.304    system_wrapper/peripherals/keypad/key_latched_i_1_n_0
    SLICE_X52Y70         FDRE                                         r  system_wrapper/peripherals/keypad/key_latched_reg/D
  -------------------------------------------------------------------    -------------------

                         (clock sys_clk rise edge)    0.000     0.000 r  
    D13                                               0.000     0.000 r  clk_24mhz (IN)
                         net (fo=0)                   0.000     0.000    clk_24mhz
    D13                  IBUF (Prop_ibuf_I_O)         0.450     0.450 r  clk_24mhz_IBUF_inst/O
                         net (fo=1, routed)           0.689     1.139    clk_24mhz_IBUF
    BUFGCTRL_X0Y16       BUFG (Prop_bufg_I_O)         0.029     1.168 r  clk_24mhz_IBUF_BUFG_inst/O
                         net (fo=4073, routed)        0.822     1.989    system_wrapper/peripherals/keypad/clk_24mhz_IBUF_BUFG
    SLICE_X52Y70         FDRE                                         r  system_wrapper/peripherals/keypad/key_latched_reg/C

Slack:                    inf
  Source:                 keypad_col_n[3]
                            (input port)
  Destination:            system_wrapper/peripherals/keypad/stable_count_reg[2]/D
                            (rising edge-triggered cell FDRE clocked by sys_clk  {rise@0.000ns fall@20.833ns period=41.667ns})
  Path Group:             (none)
  Path Type:              Hold (Min at Fast Process Corner)
  Data Path Delay:        1.312ns  (logic 0.416ns (31.673%)  route 0.897ns (68.327%))
  Logic Levels:           3  (IBUF=1 LUT5=1 LUT6=1)
  Clock Path Skew:        1.989ns (DCD - SCD - CPR)
    Destination Clock Delay (DCD):    1.989ns
    Source Clock Delay      (SCD):    0.000ns
    Clock Pessimism Removal (CPR):    -0.000ns

    Location             Delay type                Incr(ns)  Path(ns)    Netlist Resource(s)
  -------------------------------------------------------------------    -------------------
    F3                                                0.000     0.000 f  keypad_col_n[3] (IN)
                         net (fo=0)                   0.000     0.000    keypad_col_n[3]
    F3                   IBUF (Prop_ibuf_I_O)         0.255     0.255 f  keypad_col_n_IBUF[3]_inst/O
                         net (fo=2, routed)           0.626     0.880    system_wrapper/peripherals/keypad/keypad_col_n_IBUF[3]
    SLICE_X54Y71         LUT5 (Prop_lut5_I4_O)        0.043     0.923 f  system_wrapper/peripherals/keypad/stable_count[2]_i_2/O
                         net (fo=4, routed)           0.271     1.194    system_wrapper/peripherals/keypad/stable_count[2]_i_2_n_0
    SLICE_X53Y70         LUT6 (Prop_lut6_I5_O)        0.118     1.312 r  system_wrapper/peripherals/keypad/stable_count[2]_i_1/O
                         net (fo=1, routed)           0.000     1.312    system_wrapper/peripherals/keypad/stable_count[2]_i_1_n_0
    SLICE_X53Y70         FDRE                                         r  system_wrapper/peripherals/keypad/stable_count_reg[2]/D
  -------------------------------------------------------------------    -------------------

                         (clock sys_clk rise edge)    0.000     0.000 r  
    D13                                               0.000     0.000 r  clk_24mhz (IN)
                         net (fo=0)                   0.000     0.000    clk_24mhz
    D13                  IBUF (Prop_ibuf_I_O)         0.450     0.450 r  clk_24mhz_IBUF_inst/O
                         net (fo=1, routed)           0.689     1.139    clk_24mhz_IBUF
    BUFGCTRL_X0Y16       BUFG (Prop_bufg_I_O)         0.029     1.168 r  clk_24mhz_IBUF_BUFG_inst/O
                         net (fo=4073, routed)        0.822     1.989    system_wrapper/peripherals/keypad/clk_24mhz_IBUF_BUFG
    SLICE_X53Y70         FDRE                                         r  system_wrapper/peripherals/keypad/stable_count_reg[2]/C

Slack:                    inf
  Source:                 keypad_col_n[1]
                            (input port)
  Destination:            system_wrapper/peripherals/keypad/candidate_reg[2]/D
                            (rising edge-triggered cell FDRE clocked by sys_clk  {rise@0.000ns fall@20.833ns period=41.667ns})
  Path Group:             (none)
  Path Type:              Hold (Min at Fast Process Corner)
  Data Path Delay:        1.357ns  (logic 0.287ns (21.125%)  route 1.070ns (78.875%))
  Logic Levels:           2  (IBUF=1 LUT5=1)
  Clock Path Skew:        1.987ns (DCD - SCD - CPR)
    Destination Clock Delay (DCD):    1.987ns
    Source Clock Delay      (SCD):    0.000ns
    Clock Pessimism Removal (CPR):    -0.000ns

    Location             Delay type                Incr(ns)  Path(ns)    Netlist Resource(s)
  -------------------------------------------------------------------    -------------------
    D6                                                0.000     0.000 r  keypad_col_n[1] (IN)
                         net (fo=0)                   0.000     0.000    keypad_col_n[1]
    D6                   IBUF (Prop_ibuf_I_O)         0.242     0.242 r  keypad_col_n_IBUF[1]_inst/O
                         net (fo=8, routed)           0.865     1.107    system_wrapper/peripherals/keypad/keypad_col_n_IBUF[1]
    SLICE_X54Y72         LUT5 (Prop_lut5_I3_O)        0.045     1.152 r  system_wrapper/peripherals/keypad/candidate[2]_i_1/O
                         net (fo=2, routed)           0.206     1.357    system_wrapper/peripherals/keypad/make_code[2]
    SLICE_X53Y72         FDRE                                         r  system_wrapper/peripherals/keypad/candidate_reg[2]/D
  -------------------------------------------------------------------    -------------------

                         (clock sys_clk rise edge)    0.000     0.000 r  
    D13                                               0.000     0.000 r  clk_24mhz (IN)
                         net (fo=0)                   0.000     0.000    clk_24mhz
    D13                  IBUF (Prop_ibuf_I_O)         0.450     0.450 r  clk_24mhz_IBUF_inst/O
                         net (fo=1, routed)           0.689     1.139    clk_24mhz_IBUF
    BUFGCTRL_X0Y16       BUFG (Prop_bufg_I_O)         0.029     1.168 r  clk_24mhz_IBUF_BUFG_inst/O
                         net (fo=4073, routed)        0.819     1.987    system_wrapper/peripherals/keypad/clk_24mhz_IBUF_BUFG
    SLICE_X53Y72         FDRE                                         r  system_wrapper/peripherals/keypad/candidate_reg[2]/C

Slack:                    inf
  Source:                 keypad_col_n[1]
                            (input port)
  Destination:            system_wrapper/peripherals/keypad/candidate_reg[3]/D
                            (rising edge-triggered cell FDRE clocked by sys_clk  {rise@0.000ns fall@20.833ns period=41.667ns})
  Path Group:             (none)
  Path Type:              Hold (Min at Fast Process Corner)
  Data Path Delay:        1.358ns  (logic 0.285ns (20.960%)  route 1.073ns (79.040%))
  Logic Levels:           2  (IBUF=1 LUT5=1)
  Clock Path Skew:        1.987ns (DCD - SCD - CPR)
    Destination Clock Delay (DCD):    1.987ns
    Source Clock Delay      (SCD):    0.000ns
    Clock Pessimism Removal (CPR):    -0.000ns

    Location             Delay type                Incr(ns)  Path(ns)    Netlist Resource(s)
  -------------------------------------------------------------------    -------------------
    D6                                                0.000     0.000 r  keypad_col_n[1] (IN)
                         net (fo=0)                   0.000     0.000    keypad_col_n[1]
    D6                   IBUF (Prop_ibuf_I_O)         0.242     0.242 r  keypad_col_n_IBUF[1]_inst/O
                         net (fo=8, routed)           0.865     1.107    system_wrapper/peripherals/keypad/keypad_col_n_IBUF[1]
    SLICE_X54Y72         LUT5 (Prop_lut5_I2_O)        0.043     1.150 r  system_wrapper/peripherals/keypad/candidate[3]_i_2/O
                         net (fo=2, routed)           0.209     1.358    system_wrapper/peripherals/keypad/make_code[3]
    SLICE_X53Y72         FDRE                                         r  system_wrapper/peripherals/keypad/candidate_reg[3]/D
  -------------------------------------------------------------------    -------------------

                         (clock sys_clk rise edge)    0.000     0.000 r  
    D13                                               0.000     0.000 r  clk_24mhz (IN)
                         net (fo=0)                   0.000     0.000    clk_24mhz
    D13                  IBUF (Prop_ibuf_I_O)         0.450     0.450 r  clk_24mhz_IBUF_inst/O
                         net (fo=1, routed)           0.689     1.139    clk_24mhz_IBUF
    BUFGCTRL_X0Y16       BUFG (Prop_bufg_I_O)         0.029     1.168 r  clk_24mhz_IBUF_BUFG_inst/O
                         net (fo=4073, routed)        0.819     1.987    system_wrapper/peripherals/keypad/clk_24mhz_IBUF_BUFG
    SLICE_X53Y72         FDRE                                         r  system_wrapper/peripherals/keypad/candidate_reg[3]/C





